Title,Price,Category,Duration,Platform,Rating,ReviewCount
ML Basics,26.35,Business,6 weeks,Udacity,2.5,2873
Photography 101,68.75,Business,12 weeks,LinkedIn Learning,4.8,2511
ML Basics,77.65,Finance,6 weeks,Skillshare,3.9,1957
Python for Beginners,76.52,Technology,8 weeks,edX,3.4,1187
React Native Dev,38.25,Management,4 weeks,Udemy,1.6,4770
Digital Marketing Pro,92.34,Writing,4 weeks,Udemy,1.6,21
Web Dev Bootcamp,48.54,Mobile Development,8 weeks,Udacity,1.2,4409
AI for Everyone,90.54,Communication,8 weeks,Pluralsight,4.5,3374
Agile Project Mgmt,58.31,Photography,12 weeks,LinkedIn Learning,3.4,3032
ML Basics,41.2,IT Security,3 weeks,Udacity,3.8,3381
React Native Dev,50.31,Programming,6 weeks,LinkedIn Learning,1.1,2840
Swift Dev Essentials,28.92,Marketing,9 weeks,Udacity,4.9,52
AI for Everyone,92.16,Artificial Intelligence,4 weeks,Udemy,4.3,953
Photography 101,29.34,Data Science,4 weeks,Pluralsight,1.8,2400
Creative Writing,86.31,Data Science,9 weeks,Skillshare,1.7,2555
Web Dev Bootcamp,38.45,Artificial Intelligence,10 weeks,LinkedIn Learning,1.7,2421
Excel Mastery,93.28,Technology,12 weeks,LinkedIn Learning,2.2,4996
Digital Marketing Pro,65.26,Photography,8 weeks,LinkedIn Learning,3.1,1014
Advanced Data Science,33.2,Programming,3 weeks,Pluralsight,2.7,30
Digital Marketing Pro,57.94,Writing,10 weeks,Coursera,2.2,416
Web Dev Bootcamp,53.28,Marketing,9 weeks,edX,3.4,1024
Blockchain Intro,79.23,Marketing,10 weeks,edX,1.6,4441
Cybersecurity Intro,70.01,Photography,3 weeks,LinkedIn Learning,2.2,1848
Digital Marketing Pro,23.91,Design,6 weeks,Coursera,2.5,3198
ML Basics,33.43,Technology,9 weeks,Coursera,2.8,724
React Native Dev,56.32,Business,7 weeks,Pluralsight,4.1,4156
React Native Dev,57.28,Artificial Intelligence,5 weeks,Coursera,1.8,3864
Digital Marketing Pro,59.31,Communication,7 weeks,edX,3.1,4429
Agile Project Mgmt,29.02,IT Security,3 weeks,Pluralsight,3.4,4894
React Native Dev,35.71,Writing,5 weeks,Udemy,1.2,150
UI/UX Design,67.08,Design,12 weeks,LinkedIn Learning,3.4,4575
Advanced Data Science,75.35,IT Security,3 weeks,Skillshare,1.7,4892
AI for Everyone,94.18,Photography,5 weeks,Pluralsight,1.3,973
Digital Marketing Pro,27.96,Programming,8 weeks,Coursera,4.8,382
Agile Project Mgmt,20.5,IT Security,7 weeks,Pluralsight,4.9,3645
ML Basics,59.1,Photography,9 weeks,edX,4.2,2551
Excel Mastery,77.42,Artificial Intelligence,3 weeks,Skillshare,2.2,3620
Advanced Data Science,77.37,IT Security,6 weeks,edX,1.4,1702
Python for Beginners,86.17,Finance,10 weeks,LinkedIn Learning,3.7,115
UI/UX Design,52.94,Design,9 weeks,LinkedIn Learning,2.8,1691
React Native Dev,94.83,Artificial Intelligence,12 weeks,Udemy,1.5,4107
Swift Dev Essentials,45.22,Web Development,9 weeks,edX,3.0,4026
Graphic Design Intro,86.08,Marketing,9 weeks,LinkedIn Learning,1.1,2646
Advanced Data Science,79.94,Technology,9 weeks,Skillshare,4.6,2147
Advanced Data Science,56.07,Technology,8 weeks,LinkedIn Learning,2.0,3426
ML Basics,99.5,Finance,4 weeks,Udemy,3.7,4455
React Native Dev,81.57,Marketing,4 weeks,Pluralsight,2.2,3540
Graphic Design Intro,30.66,Technology,12 weeks,Coursera,3.1,1296
UI/UX Design,39.64,Data Science,7 weeks,Udacity,3.2,3189
React Native Dev,84.0,Design,12 weeks,edX,1.7,3664
Public Speaking,45.95,Data Science,5 weeks,Udacity,4.9,2369
Cybersecurity Intro,49.76,Artificial Intelligence,7 weeks,edX,4.1,454
Web Dev Bootcamp,63.82,Data Science,12 weeks,Pluralsight,4.8,45
Creative Writing,77.22,Management,8 weeks,Skillshare,4.6,1485
Public Speaking,61.08,Finance,10 weeks,Pluralsight,3.4,3967
Agile Project Mgmt,49.24,Business,8 weeks,edX,4.7,1808
Advanced Data Science,43.24,IT Security,7 weeks,Pluralsight,1.4,1855
Excel Mastery,33.02,Management,10 weeks,edX,1.8,1418
ML Basics,34.59,Design,8 weeks,Skillshare,1.2,1718
Python for Beginners,58.39,Finance,7 weeks,Skillshare,2.3,2948
Digital Marketing Pro,24.24,Marketing,3 weeks,Coursera,2.6,1310
Finance 101,64.45,Programming,4 weeks,Skillshare,2.1,1253
Swift Dev Essentials,56.05,Business,7 weeks,Coursera,4.3,3986
Agile Project Mgmt,42.54,Design,7 weeks,Pluralsight,2.4,3107
Python for Beginners,54.26,Mobile Development,3 weeks,edX,2.1,4626
Creative Writing,71.97,Technology,3 weeks,Udacity,3.2,19
Cybersecurity Intro,32.05,Technology,8 weeks,Coursera,1.6,2435
Finance 101,20.14,Communication,10 weeks,Pluralsight,4.2,1670
React Native Dev,94.04,IT Security,8 weeks,LinkedIn Learning,1.3,2641
Finance 101,87.4,Technology,5 weeks,Pluralsight,4.9,4825
Startup Guide,75.5,IT Security,8 weeks,Coursera,4.1,1082
Photography 101,43.18,Programming,8 weeks,Udacity,1.8,3235
React Native Dev,54.84,Data Science,3 weeks,Pluralsight,1.0,4964
Finance 101,58.14,Mobile Development,7 weeks,Udacity,4.3,1326
Python for Beginners,32.66,Business,6 weeks,Coursera,3.8,4155
Business Strategy,39.05,Finance,10 weeks,Udemy,3.9,3693
Agile Project Mgmt,90.39,Business,9 weeks,Pluralsight,4.1,3283
Excel Mastery,37.8,IT Security,10 weeks,Udemy,1.3,155
Excel Mastery,71.29,Communication,9 weeks,Udacity,2.4,3050
Excel Mastery,81.52,Mobile Development,8 weeks,Udemy,1.5,1472
Blockchain Intro,66.93,Photography,7 weeks,Udemy,4.5,4686
Finance 101,29.93,Technology,3 weeks,Coursera,3.5,1594
Blockchain Intro,59.02,Communication,4 weeks,LinkedIn Learning,2.3,492
ML Basics,33.28,Communication,8 weeks,edX,1.3,3189
Business Strategy,32.01,Management,9 weeks,Coursera,2.2,1259
Excel Mastery,58.33,Design,9 weeks,Udemy,2.3,4778
Creative Writing,97.07,Mobile Development,10 weeks,Udacity,3.9,640
Graphic Design Intro,69.14,Design,8 weeks,Udacity,3.6,671
ML Basics,20.69,Artificial Intelligence,10 weeks,Udacity,4.5,3513
ML Basics,93.0,Writing,12 weeks,Udacity,2.9,2862
UI/UX Design,24.71,Programming,10 weeks,Udemy,1.5,2476
Graphic Design Intro,32.55,Marketing,3 weeks,Pluralsight,3.9,997
Advanced Data Science,88.01,Web Development,3 weeks,Udacity,4.0,1556
Swift Dev Essentials,81.81,Marketing,9 weeks,Udemy,3.2,659
Digital Marketing Pro,97.23,Technology,6 weeks,Coursera,4.1,978
AI for Everyone,35.4,Mobile Development,3 weeks,Skillshare,3.0,2647
Graphic Design Intro,66.27,Web Development,5 weeks,Coursera,3.1,1110
React Native Dev,33.56,Data Science,4 weeks,edX,2.7,450
Startup Guide,76.35,IT Security,10 weeks,Pluralsight,1.1,779
Graphic Design Intro,38.0,Design,8 weeks,Udemy,1.4,1353
Advanced Data Science,98.91,Communication,9 weeks,LinkedIn Learning,1.1,4368
Graphic Design Intro,31.62,Photography,9 weeks,Pluralsight,3.5,3739
Graphic Design Intro,95.24,IT Security,12 weeks,LinkedIn Learning,2.3,3916
Python for Beginners,29.62,Artificial Intelligence,3 weeks,Udemy,3.0,1587
Business Strategy,78.28,Finance,10 weeks,Udemy,4.6,4018
UI/UX Design,97.79,Artificial Intelligence,6 weeks,Udemy,2.0,3361
Photography 101,47.56,Writing,3 weeks,Coursera,2.6,4805
Python for Beginners,49.59,IT Security,10 weeks,Coursera,4.0,2359
AI for Everyone,50.3,Web Development,5 weeks,Coursera,1.9,3612
Graphic Design Intro,75.01,Photography,12 weeks,Pluralsight,1.3,1251
Python for Beginners,64.68,Writing,5 weeks,Skillshare,2.2,1135
Excel Mastery,88.11,Management,4 weeks,LinkedIn Learning,1.6,2611
Digital Marketing Pro,30.08,Artificial Intelligence,9 weeks,Udacity,4.7,1200
Agile Project Mgmt,37.09,Business,9 weeks,edX,4.2,4141
React Native Dev,97.96,Artificial Intelligence,7 weeks,Pluralsight,3.5,4849
Agile Project Mgmt,65.37,Writing,4 weeks,Pluralsight,4.5,4458
Advanced Data Science,71.18,Business,9 weeks,edX,4.2,82
Photography 101,74.71,Mobile Development,6 weeks,LinkedIn Learning,1.7,1924
Graphic Design Intro,37.01,Writing,12 weeks,edX,4.6,2482
Excel Mastery,99.08,Artificial Intelligence,6 weeks,Coursera,3.2,3056
React Native Dev,95.46,Data Science,8 weeks,Udacity,4.2,717
Digital Marketing Pro,70.54,Business,3 weeks,Coursera,4.6,1814
AI for Everyone,99.71,IT Security,7 weeks,Coursera,2.3,3723
Photography 101,28.69,Finance,10 weeks,Udemy,1.4,2574
UI/UX Design,47.73,Artificial Intelligence,8 weeks,Coursera,1.9,2485
Agile Project Mgmt,36.99,Design,4 weeks,Udemy,2.7,3620
ML Basics,40.0,Marketing,3 weeks,Pluralsight,4.3,4265
Swift Dev Essentials,96.14,Management,3 weeks,Coursera,4.4,2833
Blockchain Intro,81.58,Photography,9 weeks,LinkedIn Learning,1.0,1745
Blockchain Intro,98.23,IT Security,7 weeks,edX,3.0,1595
Creative Writing,52.14,Business,5 weeks,Pluralsight,2.7,76
Swift Dev Essentials,95.8,Data Science,4 weeks,Pluralsight,1.9,3071
Graphic Design Intro,91.78,Communication,7 weeks,LinkedIn Learning,1.5,2438
Blockchain Intro,87.55,Writing,10 weeks,edX,2.4,4163
Graphic Design Intro,22.8,Finance,4 weeks,Coursera,4.8,351
UI/UX Design,51.94,Finance,10 weeks,LinkedIn Learning,2.3,2784
Advanced Data Science,91.26,Photography,7 weeks,Udacity,3.1,2827
Public Speaking,80.95,Business,4 weeks,edX,3.8,2671
Public Speaking,79.17,Business,8 weeks,Udemy,2.5,1242
Swift Dev Essentials,89.41,Design,8 weeks,Pluralsight,4.9,3884
Digital Marketing Pro,27.68,Communication,8 weeks,LinkedIn Learning,4.8,2411
Public Speaking,26.5,Web Development,3 weeks,Coursera,2.0,1504
Web Dev Bootcamp,33.49,IT Security,7 weeks,Udacity,3.0,4221
ML Basics,89.46,Writing,3 weeks,Coursera,2.2,671
Digital Marketing Pro,64.53,Finance,3 weeks,Skillshare,2.1,3893
Business Strategy,60.87,Web Development,8 weeks,Udemy,1.1,3629
React Native Dev,33.16,Finance,12 weeks,Pluralsight,3.4,1878
ML Basics,63.36,Writing,7 weeks,Pluralsight,3.0,2344
Agile Project Mgmt,53.95,Writing,9 weeks,Udemy,1.2,3384
ML Basics,79.97,Finance,12 weeks,Skillshare,2.1,1026
Digital Marketing Pro,29.93,Management,3 weeks,Coursera,4.6,4416
Startup Guide,63.06,IT Security,7 weeks,Coursera,2.0,217
Photography 101,31.06,Design,6 weeks,Coursera,1.6,2675
Web Dev Bootcamp,82.56,Marketing,7 weeks,Coursera,3.0,2503
React Native Dev,20.46,Programming,3 weeks,Udemy,4.9,642
Digital Marketing Pro,34.25,Data Science,6 weeks,Skillshare,2.0,2112
Business Strategy,36.46,Technology,5 weeks,Coursera,3.7,2969
ML Basics,61.67,Data Science,6 weeks,Udacity,4.0,3093
AI for Everyone,64.16,Design,9 weeks,edX,2.0,4762
Advanced Data Science,32.83,Photography,6 weeks,edX,3.9,1941
Agile Project Mgmt,84.59,Marketing,5 weeks,Udemy,2.5,3729
ML Basics,63.85,Design,5 weeks,edX,3.5,2572
Graphic Design Intro,56.14,Finance,9 weeks,Skillshare,3.5,1689
Blockchain Intro,33.57,Technology,5 weeks,Udemy,3.1,246
React Native Dev,99.32,Technology,12 weeks,LinkedIn Learning,1.4,4453
Agile Project Mgmt,25.41,Web Development,7 weeks,Pluralsight,4.3,4735
AI for Everyone,44.08,Programming,10 weeks,Skillshare,2.3,1550
UI/UX Design,50.31,Photography,6 weeks,Skillshare,1.7,3953
Swift Dev Essentials,50.88,Management,7 weeks,Udemy,1.2,373
ML Basics,97.11,Mobile Development,4 weeks,LinkedIn Learning,3.4,2378
Python for Beginners,32.18,Communication,6 weeks,Udacity,3.7,295
Swift Dev Essentials,38.64,Data Science,9 weeks,Udemy,1.1,158
Photography 101,40.69,Technology,6 weeks,Skillshare,3.0,4047
Excel Mastery,30.69,Technology,3 weeks,edX,1.9,4561
Graphic Design Intro,89.38,Data Science,4 weeks,edX,3.6,1776
Blockchain Intro,32.07,Finance,9 weeks,Udemy,1.7,4905
UI/UX Design,42.41,Programming,9 weeks,Pluralsight,3.8,1022
Startup Guide,20.15,Technology,12 weeks,Skillshare,2.5,2841
ML Basics,45.81,Photography,4 weeks,Udacity,4.7,2517
Swift Dev Essentials,81.88,Artificial Intelligence,5 weeks,Coursera,1.6,1533
Photography 101,28.89,Writing,3 weeks,Coursera,2.4,2795
Advanced Data Science,70.32,Design,4 weeks,Pluralsight,1.5,2566
Python for Beginners,55.27,Data Science,9 weeks,Udemy,4.7,3735
Creative Writing,94.93,Design,8 weeks,Coursera,4.5,4586
Blockchain Intro,54.91,Communication,12 weeks,Pluralsight,2.0,1611
Cybersecurity Intro,61.24,Design,6 weeks,Skillshare,3.6,2418
Business Strategy,63.27,Artificial Intelligence,10 weeks,Skillshare,4.3,350
Business Strategy,34.86,Business,8 weeks,Pluralsight,3.2,2827
Creative Writing,91.49,Marketing,9 weeks,LinkedIn Learning,3.1,2506
Startup Guide,58.62,Photography,8 weeks,Coursera,2.0,4940
Excel Mastery,78.16,Artificial Intelligence,9 weeks,edX,1.4,1735
Digital Marketing Pro,63.39,Programming,10 weeks,Udacity,4.6,1699
Finance 101,32.15,Communication,10 weeks,edX,4.6,3277
Agile Project Mgmt,95.94,Finance,3 weeks,LinkedIn Learning,3.5,4416
Excel Mastery,81.88,IT Security,3 weeks,edX,2.4,271
Swift Dev Essentials,92.1,Finance,7 weeks,Skillshare,2.4,1452
Excel Mastery,82.95,Design,8 weeks,LinkedIn Learning,3.9,415
Web Dev Bootcamp,64.68,IT Security,12 weeks,Udacity,4.6,2200
Python for Beginners,93.56,Web Development,9 weeks,Coursera,4.5,4447
Advanced Data Science,43.95,Business,3 weeks,Udacity,4.1,253
Startup Guide,60.8,Data Science,8 weeks,Udacity,3.6,4595
Web Dev Bootcamp,60.83,Photography,5 weeks,Udacity,1.3,4117
Digital Marketing Pro,50.08,Management,10 weeks,Udemy,1.6,570
Graphic Design Intro,93.32,Photography,4 weeks,edX,4.6,4147
Blockchain Intro,53.96,Marketing,6 weeks,Skillshare,3.4,2735
Excel Mastery,33.35,Mobile Development,6 weeks,Coursera,1.0,603
Advanced Data Science,24.88,Web Development,8 weeks,Pluralsight,1.4,1836
ML Basics,51.77,Marketing,6 weeks,Coursera,3.7,3239
Agile Project Mgmt,97.02,Photography,12 weeks,edX,1.0,3297
Python for Beginners,24.11,Programming,5 weeks,Udemy,1.6,4083
Creative Writing,85.04,Mobile Development,5 weeks,LinkedIn Learning,3.2,143
Agile Project Mgmt,23.71,Marketing,9 weeks,Skillshare,3.8,3148
Finance 101,70.19,Writing,9 weeks,Pluralsight,3.6,3929
Agile Project Mgmt,43.96,Artificial Intelligence,10 weeks,Udemy,1.9,82
ML Basics,83.36,Data Science,5 weeks,Udacity,3.8,4504
Advanced Data Science,68.15,Marketing,6 weeks,edX,1.9,4235
Web Dev Bootcamp,84.22,Management,9 weeks,Skillshare,2.3,2988
Python for Beginners,33.26,Technology,12 weeks,edX,4.0,4371
Agile Project Mgmt,35.97,Writing,6 weeks,Skillshare,3.6,1995
Business Strategy,76.91,Web Development,8 weeks,edX,4.4,802
Digital Marketing Pro,81.86,IT Security,7 weeks,Pluralsight,3.6,4269
Cybersecurity Intro,91.07,Finance,8 weeks,edX,3.3,104
Startup Guide,34.59,Data Science,9 weeks,LinkedIn Learning,1.4,1143
Graphic Design Intro,45.16,Web Development,4 weeks,Skillshare,2.5,4927
Agile Project Mgmt,37.96,Marketing,5 weeks,Udemy,2.1,247
ML Basics,95.18,Design,5 weeks,Udacity,2.0,2956
ML Basics,95.89,Technology,5 weeks,Coursera,4.9,2540
Excel Mastery,67.55,Artificial Intelligence,12 weeks,edX,2.6,1970
Web Dev Bootcamp,96.26,Marketing,5 weeks,Pluralsight,4.6,1058
Agile Project Mgmt,64.12,Web Development,3 weeks,LinkedIn Learning,3.5,2539
Creative Writing,88.69,Management,8 weeks,edX,4.2,2974
Public Speaking,86.35,Web Development,3 weeks,Skillshare,3.0,973
Cybersecurity Intro,90.24,Writing,10 weeks,Pluralsight,3.3,546
Cybersecurity Intro,65.48,Communication,4 weeks,Udacity,3.0,4233
AI for Everyone,93.06,Mobile Development,3 weeks,Skillshare,1.8,3689
Cybersecurity Intro,72.81,Communication,6 weeks,LinkedIn Learning,3.9,4197
Digital Marketing Pro,34.1,Finance,6 weeks,Udemy,2.1,3734
Graphic Design Intro,46.03,IT Security,4 weeks,edX,1.1,552
Cybersecurity Intro,27.74,Design,4 weeks,Udemy,3.6,855
UI/UX Design,72.4,Writing,7 weeks,LinkedIn Learning,1.7,3613
Startup Guide,56.91,Communication,8 weeks,Udemy,4.8,3046
Creative Writing,58.96,Artificial Intelligence,8 weeks,Pluralsight,4.8,2504
Public Speaking,26.94,Photography,4 weeks,LinkedIn Learning,4.7,4495
Swift Dev Essentials,53.26,Photography,8 weeks,Udacity,2.5,2729
UI/UX Design,68.07,Finance,12 weeks,edX,1.1,1894
Public Speaking,44.59,Design,8 weeks,Skillshare,4.7,4148
Startup Guide,77.31,Management,4 weeks,Udacity,2.7,4359
Blockchain Intro,46.33,Programming,7 weeks,edX,4.9,3211
Digital Marketing Pro,23.63,Finance,8 weeks,Coursera,4.9,2720
Web Dev Bootcamp,48.14,Data Science,9 weeks,Pluralsight,4.4,1963
AI for Everyone,21.93,Design,5 weeks,Skillshare,2.2,4747
Graphic Design Intro,29.61,Mobile Development,12 weeks,Pluralsight,2.5,3860
Business Strategy,94.39,Web Development,6 weeks,Pluralsight,4.4,699
Finance 101,87.88,Communication,7 weeks,Udemy,2.3,1960
Python for Beginners,59.21,Programming,8 weeks,Udacity,1.7,466
Agile Project Mgmt,75.29,Photography,10 weeks,edX,3.2,2140
Startup Guide,39.24,Design,8 weeks,Pluralsight,4.7,3986
Business Strategy,32.09,Management,7 weeks,LinkedIn Learning,3.8,4254
Creative Writing,37.99,Photography,10 weeks,edX,3.3,1189
Web Dev Bootcamp,61.02,Business,12 weeks,Pluralsight,1.4,4295
Blockchain Intro,98.32,Writing,10 weeks,LinkedIn Learning,3.5,3575
Python for Beginners,71.34,Programming,3 weeks,Udacity,5.0,892
Finance 101,90.11,Business,7 weeks,Coursera,1.6,409
Digital Marketing Pro,90.06,Artificial Intelligence,7 weeks,LinkedIn Learning,3.1,618
Agile Project Mgmt,68.11,Photography,9 weeks,Coursera,4.5,1648
Startup Guide,46.57,Data Science,6 weeks,Pluralsight,4.0,2158
Agile Project Mgmt,99.06,Web Development,7 weeks,edX,3.8,1392
Excel Mastery,82.99,Web Development,8 weeks,Skillshare,3.8,1413
Business Strategy,91.02,Mobile Development,4 weeks,edX,2.4,829
Photography 101,99.45,Business,6 weeks,LinkedIn Learning,2.2,3302
Creative Writing,72.16,Programming,7 weeks,LinkedIn Learning,4.2,829
Photography 101,68.67,IT Security,7 weeks,Udemy,4.2,429
Advanced Data Science,49.44,Management,5 weeks,Udacity,4.5,4229
Cybersecurity Intro,64.91,Writing,10 weeks,Udemy,4.7,4527
Startup Guide,55.68,Management,10 weeks,Udemy,3.0,3312
Excel Mastery,73.98,Business,7 weeks,LinkedIn Learning,3.0,1518
ML Basics,40.06,Writing,12 weeks,Pluralsight,4.2,777
Public Speaking,76.18,Writing,12 weeks,Udemy,3.6,2054
Python for Beginners,66.13,Writing,3 weeks,edX,3.8,2149
Digital Marketing Pro,77.13,Writing,10 weeks,Udacity,4.2,3039
React Native Dev,25.19,Technology,12 weeks,Coursera,4.6,1559
Creative Writing,67.9,Programming,6 weeks,Coursera,2.4,1774
Public Speaking,68.1,Mobile Development,9 weeks,edX,2.5,2655
ML Basics,83.71,IT Security,7 weeks,edX,1.4,3726
ML Basics,62.84,Data Science,6 weeks,Pluralsight,3.3,4615
Swift Dev Essentials,55.42,Data Science,10 weeks,Pluralsight,1.1,4491
Swift Dev Essentials,26.09,Business,7 weeks,Udacity,2.9,2303
Photography 101,56.93,Writing,12 weeks,Udemy,3.2,4847
Startup Guide,87.68,Artificial Intelligence,9 weeks,Coursera,2.1,2718
Blockchain Intro,39.0,Technology,3 weeks,Coursera,3.4,910
Python for Beginners,72.44,Communication,7 weeks,Pluralsight,1.1,3094
Python for Beginners,31.72,Business,7 weeks,Udacity,1.1,2019
Excel Mastery,21.1,Communication,10 weeks,LinkedIn Learning,4.3,251
Agile Project Mgmt,44.98,Data Science,5 weeks,LinkedIn Learning,2.4,2395
Python for Beginners,63.89,Artificial Intelligence,12 weeks,LinkedIn Learning,1.5,4278
Advanced Data Science,22.87,Finance,9 weeks,Coursera,3.1,681
Blockchain Intro,96.11,Business,8 weeks,Skillshare,4.1,173
Photography 101,26.3,Technology,8 weeks,Skillshare,1.9,474
Digital Marketing Pro,71.1,Mobile Development,10 weeks,Udemy,3.5,3052
Creative Writing,57.65,Design,4 weeks,edX,1.3,4602
Business Strategy,41.85,Management,12 weeks,Skillshare,1.2,4805
Python for Beginners,79.78,Business,8 weeks,Skillshare,3.1,2452
ML Basics,90.69,Writing,4 weeks,Skillshare,3.2,4808
Business Strategy,31.15,Programming,9 weeks,edX,3.5,2365
Public Speaking,40.39,Data Science,10 weeks,LinkedIn Learning,3.9,4288
ML Basics,71.28,Web Development,7 weeks,Pluralsight,4.9,4734
Blockchain Intro,44.08,Writing,10 weeks,Skillshare,3.1,2567
ML Basics,92.24,Technology,12 weeks,Udemy,2.3,555
Agile Project Mgmt,32.56,Finance,3 weeks,Skillshare,4.2,4729
Swift Dev Essentials,71.94,IT Security,12 weeks,Udemy,2.1,3845
Public Speaking,29.31,Technology,8 weeks,edX,2.8,603
ML Basics,30.79,Data Science,12 weeks,Coursera,1.3,4849
Business Strategy,69.18,Web Development,4 weeks,Udemy,1.1,3814
Swift Dev Essentials,44.82,Finance,12 weeks,edX,4.9,1469
Photography 101,92.61,Design,5 weeks,Skillshare,4.3,3503
Digital Marketing Pro,62.6,Marketing,6 weeks,edX,3.8,2611
Advanced Data Science,86.29,Photography,8 weeks,Coursera,2.6,2454
Creative Writing,30.91,Design,3 weeks,edX,1.7,2682
Finance 101,52.19,Data Science,12 weeks,Pluralsight,1.6,4210
Finance 101,52.96,Design,6 weeks,LinkedIn Learning,2.0,26
Blockchain Intro,99.74,Programming,7 weeks,edX,3.2,3201
Swift Dev Essentials,24.32,Finance,6 weeks,edX,3.9,402
Photography 101,45.48,Finance,8 weeks,LinkedIn Learning,3.6,434
Excel Mastery,62.47,Marketing,5 weeks,Coursera,2.1,581
ML Basics,79.86,Artificial Intelligence,8 weeks,Coursera,4.8,3641
ML Basics,96.66,Technology,6 weeks,Pluralsight,4.0,1130
Advanced Data Science,99.92,Technology,8 weeks,Coursera,3.2,251
Photography 101,39.46,IT Security,6 weeks,Udacity,3.4,3907
Digital Marketing Pro,45.57,Communication,7 weeks,Coursera,2.7,4105
Advanced Data Science,96.4,Technology,7 weeks,LinkedIn Learning,2.0,2289
Graphic Design Intro,76.16,Writing,9 weeks,LinkedIn Learning,2.4,798
Agile Project Mgmt,21.12,Artificial Intelligence,12 weeks,Udemy,4.0,724
UI/UX Design,35.59,Photography,6 weeks,edX,1.1,4864
Python for Beginners,22.34,Mobile Development,8 weeks,edX,1.5,2859
Creative Writing,76.3,Communication,10 weeks,Skillshare,1.2,785
Agile Project Mgmt,95.49,Artificial Intelligence,8 weeks,Udemy,1.2,4036
Digital Marketing Pro,55.87,Photography,12 weeks,Udemy,4.4,2257
Cybersecurity Intro,63.93,Photography,8 weeks,LinkedIn Learning,3.8,88
ML Basics,26.12,Design,9 weeks,LinkedIn Learning,2.9,3936
Excel Mastery,80.3,Photography,10 weeks,Udemy,1.4,865
Digital Marketing Pro,79.04,Finance,10 weeks,Udemy,3.0,2158
Startup Guide,98.52,Writing,6 weeks,Skillshare,2.9,1041
React Native Dev,61.95,Data Science,4 weeks,LinkedIn Learning,1.7,4950
Finance 101,97.24,Marketing,5 weeks,Udacity,2.7,3281
Photography 101,82.4,Communication,6 weeks,edX,2.6,3586
React Native Dev,20.56,Finance,9 weeks,edX,3.5,4192
Cybersecurity Intro,43.56,Communication,3 weeks,Coursera,3.5,3466
AI for Everyone,21.39,Web Development,4 weeks,Pluralsight,1.2,3516
ML Basics,56.06,IT Security,3 weeks,Pluralsight,2.5,417
Startup Guide,47.74,Web Development,3 weeks,Pluralsight,3.5,2721
React Native Dev,98.95,Artificial Intelligence,3 weeks,Udemy,3.0,3098
Public Speaking,55.57,Programming,10 weeks,Pluralsight,4.4,1678
Photography 101,36.76,Web Development,3 weeks,Pluralsight,3.6,157
Web Dev Bootcamp,64.1,Photography,3 weeks,Udacity,1.7,4337
Finance 101,67.76,IT Security,4 weeks,Udemy,1.3,3907
Graphic Design Intro,46.95,Programming,6 weeks,Udemy,3.6,1960
Public Speaking,27.73,Writing,9 weeks,Udacity,1.1,375
Advanced Data Science,95.24,IT Security,4 weeks,Skillshare,3.3,1684
Digital Marketing Pro,39.25,Finance,5 weeks,Pluralsight,4.8,4541
Startup Guide,79.09,Data Science,5 weeks,edX,3.3,4504
Excel Mastery,91.18,Design,5 weeks,Pluralsight,2.6,2556
UI/UX Design,31.3,Writing,4 weeks,Udemy,3.6,572
Digital Marketing Pro,96.71,Mobile Development,3 weeks,Udacity,2.8,3572
Excel Mastery,32.29,Web Development,6 weeks,Coursera,3.2,2499
Blockchain Intro,85.13,Finance,10 weeks,edX,4.8,782
Creative Writing,51.96,Writing,3 weeks,Skillshare,2.5,2047
Photography 101,96.58,IT Security,7 weeks,Skillshare,4.8,3433
Agile Project Mgmt,73.34,Artificial Intelligence,12 weeks,Pluralsight,4.6,2577
Business Strategy,22.97,Management,6 weeks,edX,1.8,1583
Agile Project Mgmt,23.94,Writing,12 weeks,Pluralsight,1.3,3704
Blockchain Intro,47.13,Photography,5 weeks,LinkedIn Learning,1.4,3301
Cybersecurity Intro,35.46,Artificial Intelligence,10 weeks,Coursera,1.1,1256
UI/UX Design,99.17,Writing,3 weeks,edX,1.4,3729
React Native Dev,31.19,Management,5 weeks,Udacity,3.7,3849
Advanced Data Science,86.23,Finance,3 weeks,edX,1.3,369
Agile Project Mgmt,44.26,Finance,3 weeks,Udemy,2.3,2386
Public Speaking,68.75,Marketing,12 weeks,Coursera,4.4,3019
Graphic Design Intro,74.72,Web Development,3 weeks,Udemy,1.1,3003
UI/UX Design,42.03,Programming,12 weeks,Coursera,4.3,972
Photography 101,56.18,Marketing,6 weeks,Udacity,2.1,3642
Excel Mastery,99.0,Mobile Development,4 weeks,Skillshare,1.5,1837
Advanced Data Science,62.06,Mobile Development,8 weeks,Skillshare,3.8,1623
Finance 101,41.68,Data Science,8 weeks,LinkedIn Learning,3.5,1650
Python for Beginners,98.34,Artificial Intelligence,3 weeks,Udemy,4.5,2226
Startup Guide,58.64,Finance,5 weeks,LinkedIn Learning,3.9,4322
Photography 101,25.25,Business,8 weeks,Skillshare,4.2,387
Public Speaking,32.78,Marketing,12 weeks,edX,2.1,4224
React Native Dev,36.35,Management,4 weeks,Udacity,1.7,4295
Public Speaking,84.03,Finance,8 weeks,Udacity,4.0,379
AI for Everyone,41.4,Programming,10 weeks,LinkedIn Learning,4.2,2206
ML Basics,35.47,Marketing,7 weeks,Pluralsight,5.0,3757
React Native Dev,72.96,Photography,4 weeks,LinkedIn Learning,2.7,661
Graphic Design Intro,36.99,Writing,9 weeks,edX,2.5,779
Digital Marketing Pro,29.13,Writing,12 weeks,Coursera,4.1,2431
Web Dev Bootcamp,95.76,Programming,12 weeks,Udemy,2.4,790
Finance 101,74.54,Management,10 weeks,Udemy,4.7,1726
UI/UX Design,64.18,Marketing,3 weeks,Udemy,4.4,3993
Agile Project Mgmt,51.03,Design,12 weeks,Skillshare,2.7,1321
Agile Project Mgmt,99.64,Finance,7 weeks,Udemy,4.0,3369
Python for Beginners,95.07,Management,3 weeks,Udacity,4.0,532
Startup Guide,44.66,Data Science,7 weeks,Udacity,1.4,531
UI/UX Design,24.26,Mobile Development,9 weeks,Udemy,4.6,4888
ML Basics,40.06,Artificial Intelligence,12 weeks,Pluralsight,3.0,2330
UI/UX Design,40.47,Writing,10 weeks,Coursera,4.3,945
Startup Guide,98.44,Mobile Development,5 weeks,Coursera,2.3,2240
UI/UX Design,65.32,Marketing,8 weeks,Coursera,4.6,4050
Digital Marketing Pro,88.05,Writing,10 weeks,Pluralsight,2.6,4593
Swift Dev Essentials,93.35,Finance,9 weeks,Coursera,1.0,4951
Finance 101,51.95,Mobile Development,12 weeks,Coursera,4.6,3707
Digital Marketing Pro,44.48,Design,3 weeks,LinkedIn Learning,1.4,2847
Agile Project Mgmt,74.23,Business,4 weeks,Coursera,2.3,4093
Advanced Data Science,54.0,Programming,5 weeks,Skillshare,4.8,2471
UI/UX Design,83.03,Design,8 weeks,Skillshare,4.8,3253
Creative Writing,68.46,Artificial Intelligence,10 weeks,Udacity,3.3,3369
Startup Guide,51.71,Business,4 weeks,LinkedIn Learning,3.5,695
Finance 101,99.54,Finance,5 weeks,Pluralsight,2.8,2170
Photography 101,23.7,Data Science,9 weeks,Pluralsight,2.2,3998
Swift Dev Essentials,82.67,Web Development,5 weeks,Skillshare,2.3,4076
Public Speaking,38.2,Photography,12 weeks,Udemy,3.7,1577
AI for Everyone,60.38,Design,5 weeks,edX,4.0,48
Cybersecurity Intro,55.64,Web Development,5 weeks,edX,4.2,2554
Web Dev Bootcamp,96.06,IT Security,5 weeks,LinkedIn Learning,4.2,4885
Business Strategy,78.97,Programming,8 weeks,Udacity,1.4,1266
Graphic Design Intro,95.88,Business,9 weeks,Skillshare,3.0,3000
Startup Guide,38.17,Technology,10 weeks,LinkedIn Learning,1.2,2206
AI for Everyone,26.76,Design,9 weeks,LinkedIn Learning,3.2,3478
Digital Marketing Pro,24.81,Marketing,6 weeks,Udemy,2.8,2718
Excel Mastery,59.78,Technology,9 weeks,edX,4.6,311
Finance 101,66.76,IT Security,7 weeks,Pluralsight,2.4,656
Python for Beginners,73.43,Mobile Development,9 weeks,Udacity,1.5,4768
Web Dev Bootcamp,54.18,Artificial Intelligence,3 weeks,LinkedIn Learning,1.6,1769
Public Speaking,82.09,Management,8 weeks,Udemy,4.0,4361
React Native Dev,22.02,Design,9 weeks,Skillshare,3.5,607
Finance 101,63.18,Management,6 weeks,Udacity,1.4,671
Excel Mastery,91.42,Design,6 weeks,LinkedIn Learning,1.3,4340
Creative Writing,36.6,Technology,4 weeks,Udemy,3.8,1378
Digital Marketing Pro,27.92,Data Science,6 weeks,Udemy,1.3,2591
Swift Dev Essentials,81.0,Mobile Development,9 weeks,LinkedIn Learning,4.3,3878
Swift Dev Essentials,84.73,Management,4 weeks,Udemy,3.8,3547
Creative Writing,93.53,Artificial Intelligence,9 weeks,Udemy,1.3,4875
UI/UX Design,24.38,Finance,6 weeks,edX,1.3,4318
Swift Dev Essentials,27.51,Writing,5 weeks,Udemy,4.9,4568
Digital Marketing Pro,57.12,Design,9 weeks,LinkedIn Learning,2.5,292
Blockchain Intro,60.51,Web Development,12 weeks,edX,2.5,3688
Creative Writing,37.85,Communication,12 weeks,Udemy,4.3,1496
Photography 101,68.4,Management,4 weeks,Skillshare,4.8,4092
Digital Marketing Pro,44.98,Finance,12 weeks,Pluralsight,4.9,4193
Advanced Data Science,55.41,Finance,8 weeks,Udacity,4.0,470
Excel Mastery,79.67,Web Development,8 weeks,Udemy,2.5,2335
Cybersecurity Intro,95.64,Communication,8 weeks,Skillshare,1.3,3764
React Native Dev,22.3,Web Development,8 weeks,edX,4.1,2478
Startup Guide,77.38,Finance,7 weeks,edX,3.2,1734
Python for Beginners,35.86,Design,8 weeks,Coursera,2.7,1386
Swift Dev Essentials,39.57,Writing,4 weeks,Skillshare,4.6,2753
ML Basics,84.89,Business,10 weeks,Skillshare,1.4,524
Python for Beginners,80.35,Web Development,3 weeks,Coursera,3.0,712
Graphic Design Intro,70.4,Business,5 weeks,Skillshare,1.0,1663
Agile Project Mgmt,39.65,Management,9 weeks,LinkedIn Learning,2.9,2076
Python for Beginners,99.61,Business,4 weeks,edX,1.2,32
UI/UX Design,26.76,Mobile Development,4 weeks,Udacity,1.5,2470
ML Basics,45.87,Photography,8 weeks,Udacity,1.5,1314
Excel Mastery,39.75,Business,8 weeks,Udacity,3.6,3310
Blockchain Intro,26.7,Web Development,10 weeks,Coursera,4.0,371
Advanced Data Science,27.28,Writing,10 weeks,Coursera,3.3,3737
Web Dev Bootcamp,89.63,Web Development,3 weeks,Skillshare,4.8,1294
Excel Mastery,68.15,Mobile Development,3 weeks,LinkedIn Learning,2.5,524
Public Speaking,65.38,Communication,10 weeks,Coursera,2.1,458
Graphic Design Intro,53.95,Web Development,3 weeks,Pluralsight,4.5,1865
Business Strategy,39.83,Photography,7 weeks,LinkedIn Learning,1.9,4979
AI for Everyone,45.56,Finance,7 weeks,LinkedIn Learning,4.9,3572
Creative Writing,62.79,Writing,3 weeks,Pluralsight,1.0,2530
Swift Dev Essentials,50.87,Communication,9 weeks,Udacity,4.9,3091
Agile Project Mgmt,82.17,Design,12 weeks,Coursera,1.2,1438
Blockchain Intro,77.64,Communication,12 weeks,LinkedIn Learning,4.6,3977
Startup Guide,91.22,Programming,8 weeks,edX,3.1,932
Photography 101,20.98,Data Science,7 weeks,Skillshare,5.0,3147
Public Speaking,28.98,Communication,8 weeks,LinkedIn Learning,1.3,2169
Graphic Design Intro,82.69,Finance,12 weeks,edX,3.2,2557
Business Strategy,68.24,Communication,6 weeks,Coursera,4.9,2989
Swift Dev Essentials,86.92,Mobile Development,9 weeks,edX,3.1,2291
AI for Everyone,49.95,Finance,3 weeks,edX,3.5,2659
Graphic Design Intro,88.4,Programming,9 weeks,Coursera,3.8,323
Public Speaking,32.51,Management,9 weeks,Coursera,2.8,2623
Web Dev Bootcamp,92.42,Business,4 weeks,Skillshare,3.5,3093
Photography 101,95.88,Management,8 weeks,Pluralsight,3.3,2266
AI for Everyone,66.61,Photography,9 weeks,LinkedIn Learning,4.6,1047
Cybersecurity Intro,93.69,Management,9 weeks,Coursera,1.2,3499
Creative Writing,45.02,Design,8 weeks,Udemy,2.1,2644
Swift Dev Essentials,60.34,Mobile Development,8 weeks,Udemy,4.8,3993
Python for Beginners,99.62,Mobile Development,3 weeks,Pluralsight,4.6,1788
UI/UX Design,98.02,Communication,9 weeks,edX,2.8,3905
Creative Writing,42.66,Communication,9 weeks,edX,3.5,1134
React Native Dev,99.74,Technology,6 weeks,Pluralsight,2.1,707
Agile Project Mgmt,40.11,Programming,4 weeks,LinkedIn Learning,1.8,2189
Creative Writing,50.79,Communication,8 weeks,Coursera,2.9,1414
Startup Guide,77.58,Design,7 weeks,LinkedIn Learning,2.4,1053
Excel Mastery,97.5,IT Security,5 weeks,Pluralsight,3.3,1939
Startup Guide,83.87,Web Development,4 weeks,LinkedIn Learning,1.3,1023
Blockchain Intro,80.8,IT Security,10 weeks,LinkedIn Learning,4.9,236
Digital Marketing Pro,73.37,Technology,7 weeks,edX,4.9,1838
UI/UX Design,32.8,Communication,7 weeks,edX,3.8,4927
Python for Beginners,55.45,Mobile Development,6 weeks,Pluralsight,3.1,2033
Business Strategy,95.82,Finance,5 weeks,Pluralsight,2.2,4976
Creative Writing,37.24,Photography,8 weeks,LinkedIn Learning,4.3,2462
Photography 101,85.12,Design,12 weeks,Udacity,3.7,2095
Finance 101,71.09,Management,8 weeks,Udemy,1.7,4293
Swift Dev Essentials,57.93,Finance,6 weeks,Udemy,4.6,1090
Excel Mastery,64.13,Business,3 weeks,Udacity,4.3,2330
Graphic Design Intro,93.76,Design,8 weeks,LinkedIn Learning,4.8,3200
React Native Dev,47.07,Communication,7 weeks,Pluralsight,3.9,2640
Digital Marketing Pro,64.75,Writing,3 weeks,Coursera,3.5,2573
Digital Marketing Pro,76.81,Programming,6 weeks,Coursera,2.7,3302
Advanced Data Science,56.45,Programming,9 weeks,Coursera,4.7,4631
Cybersecurity Intro,90.33,Mobile Development,12 weeks,Skillshare,4.5,3596
Photography 101,32.46,Communication,4 weeks,Coursera,1.2,4441
Blockchain Intro,71.57,Business,6 weeks,Coursera,1.1,2957
Startup Guide,79.28,Communication,8 weeks,Pluralsight,2.5,3969
Startup Guide,66.49,Photography,5 weeks,Udacity,4.2,2823
Business Strategy,49.27,Marketing,10 weeks,LinkedIn Learning,4.9,2593
Web Dev Bootcamp,27.81,IT Security,6 weeks,Coursera,1.6,171
Digital Marketing Pro,92.11,Marketing,6 weeks,edX,3.4,603
Web Dev Bootcamp,44.75,Business,8 weeks,Udemy,2.5,3269
React Native Dev,65.13,Artificial Intelligence,3 weeks,Skillshare,4.9,4165
Agile Project Mgmt,58.35,Photography,7 weeks,Udacity,4.4,2972
Digital Marketing Pro,36.1,Data Science,9 weeks,Coursera,4.4,3898
Business Strategy,33.82,Photography,3 weeks,Skillshare,2.9,3400
Blockchain Intro,99.68,Artificial Intelligence,7 weeks,Coursera,2.7,4511
Graphic Design Intro,99.09,Design,9 weeks,LinkedIn Learning,2.1,673
Blockchain Intro,54.22,Communication,4 weeks,LinkedIn Learning,1.2,1142
ML Basics,69.61,Technology,5 weeks,Udemy,4.5,551
Public Speaking,62.96,Business,5 weeks,Skillshare,4.3,2984
AI for Everyone,47.51,Communication,12 weeks,Udacity,5.0,877
Graphic Design Intro,35.58,Data Science,9 weeks,Coursera,5.0,2076
Advanced Data Science,98.61,Mobile Development,4 weeks,Coursera,3.2,441
AI for Everyone,22.72,Artificial Intelligence,9 weeks,edX,4.1,4845
Graphic Design Intro,77.09,Data Science,10 weeks,edX,4.8,4288
Agile Project Mgmt,29.76,Management,6 weeks,Skillshare,4.4,1216
Web Dev Bootcamp,85.5,Photography,8 weeks,Coursera,2.0,2538
Graphic Design Intro,88.6,Management,9 weeks,Udemy,2.8,1179
Public Speaking,73.13,Management,6 weeks,Udacity,1.5,840
Graphic Design Intro,99.64,Photography,9 weeks,Coursera,4.8,1661
Excel Mastery,44.81,Data Science,4 weeks,Skillshare,3.4,1146
Agile Project Mgmt,38.29,Data Science,8 weeks,edX,1.9,2820
UI/UX Design,87.97,Finance,9 weeks,Pluralsight,3.7,485
Blockchain Intro,48.99,Communication,12 weeks,Skillshare,3.5,2820
Advanced Data Science,57.4,Design,8 weeks,Skillshare,2.4,1336
Finance 101,48.06,Data Science,10 weeks,Udemy,1.5,1029
Web Dev Bootcamp,33.6,Finance,4 weeks,LinkedIn Learning,3.7,1846
Swift Dev Essentials,67.28,Communication,6 weeks,Skillshare,3.1,4266
Startup Guide,23.74,Business,8 weeks,edX,4.1,2458
UI/UX Design,32.5,Business,7 weeks,Udacity,3.1,4303
Public Speaking,95.28,Marketing,4 weeks,edX,4.4,1293
Agile Project Mgmt,55.13,Business,8 weeks,edX,3.2,669
ML Basics,81.32,Design,8 weeks,Udacity,3.2,2020
Graphic Design Intro,43.61,Management,6 weeks,LinkedIn Learning,4.5,408
React Native Dev,97.89,Artificial Intelligence,7 weeks,Skillshare,2.6,1743
Digital Marketing Pro,86.16,Data Science,4 weeks,Coursera,1.5,2135
React Native Dev,64.31,Business,6 weeks,Coursera,1.1,2181
AI for Everyone,74.2,Artificial Intelligence,7 weeks,Skillshare,4.0,84
Cybersecurity Intro,78.97,Design,12 weeks,Udacity,3.5,4707
Digital Marketing Pro,49.98,Communication,5 weeks,Coursera,3.8,3481
Business Strategy,80.45,Communication,12 weeks,Skillshare,1.9,846
Business Strategy,21.63,Marketing,12 weeks,LinkedIn Learning,1.5,509
Excel Mastery,68.19,IT Security,8 weeks,Pluralsight,1.1,147
Public Speaking,32.88,Mobile Development,8 weeks,LinkedIn Learning,2.4,2107
Swift Dev Essentials,95.05,Marketing,5 weeks,Udemy,3.4,3706
UI/UX Design,82.55,IT Security,3 weeks,LinkedIn Learning,2.6,1895
React Native Dev,66.28,Management,6 weeks,Skillshare,2.7,2767
Graphic Design Intro,68.59,IT Security,9 weeks,Pluralsight,4.6,3930
Cybersecurity Intro,26.11,Photography,12 weeks,LinkedIn Learning,2.4,1910
Public Speaking,24.33,Management,12 weeks,LinkedIn Learning,3.1,2620
Graphic Design Intro,36.22,Mobile Development,3 weeks,edX,4.1,3996
Photography 101,43.15,Finance,7 weeks,LinkedIn Learning,2.6,1459
React Native Dev,28.4,Artificial Intelligence,3 weeks,edX,3.5,556
Blockchain Intro,66.39,Photography,3 weeks,Coursera,4.4,4686
Startup Guide,71.01,Writing,7 weeks,Udemy,4.8,2013
Finance 101,30.74,Artificial Intelligence,9 weeks,Skillshare,1.6,2106
Web Dev Bootcamp,57.64,IT Security,5 weeks,Udacity,4.7,713
AI for Everyone,42.24,Business,9 weeks,Udemy,3.0,2413
ML Basics,90.94,Marketing,6 weeks,Pluralsight,2.0,1635
Python for Beginners,36.87,Programming,10 weeks,Coursera,2.8,3341
Digital Marketing Pro,59.81,Mobile Development,3 weeks,Udemy,4.9,4743
ML Basics,90.26,Artificial Intelligence,4 weeks,Pluralsight,3.0,2988
Graphic Design Intro,74.69,Programming,7 weeks,Udacity,2.3,4746
Creative Writing,34.49,Programming,5 weeks,Udemy,3.5,2849
Photography 101,69.28,Design,3 weeks,LinkedIn Learning,2.0,3394
Digital Marketing Pro,29.49,Artificial Intelligence,6 weeks,Udemy,1.3,2669
Web Dev Bootcamp,78.83,Management,12 weeks,Coursera,1.5,1871
React Native Dev,92.4,IT Security,10 weeks,Udemy,1.5,2866
Swift Dev Essentials,76.29,Artificial Intelligence,3 weeks,Skillshare,1.6,695
UI/UX Design,96.31,Technology,8 weeks,Udacity,1.6,4293
Digital Marketing Pro,98.91,Photography,10 weeks,Udemy,3.6,1629
AI for Everyone,73.99,Marketing,10 weeks,Udemy,1.7,4653
AI for Everyone,53.11,Marketing,5 weeks,LinkedIn Learning,2.4,1441
Cybersecurity Intro,45.91,Mobile Development,9 weeks,Udacity,4.6,885
Agile Project Mgmt,57.03,Finance,5 weeks,Coursera,2.9,4723
Excel Mastery,37.09,Writing,7 weeks,Udemy,3.7,2471
Cybersecurity Intro,21.79,Finance,6 weeks,LinkedIn Learning,1.7,1375
Advanced Data Science,65.58,Marketing,10 weeks,Pluralsight,1.8,1253
Cybersecurity Intro,79.64,Communication,3 weeks,LinkedIn Learning,1.2,172
Graphic Design Intro,62.16,Management,4 weeks,Udacity,1.7,1984
Swift Dev Essentials,32.4,Communication,7 weeks,Pluralsight,2.1,3301
Startup Guide,56.09,Mobile Development,3 weeks,Skillshare,1.7,279
Swift Dev Essentials,28.69,Mobile Development,8 weeks,Skillshare,1.4,641
Digital Marketing Pro,47.97,Finance,6 weeks,Skillshare,1.5,915
React Native Dev,79.35,Artificial Intelligence,9 weeks,Udemy,2.8,3481
Finance 101,92.93,Communication,6 weeks,Udemy,1.8,3263
Creative Writing,59.88,Mobile Development,12 weeks,Coursera,2.5,2024
Graphic Design Intro,37.83,Communication,8 weeks,Skillshare,3.0,1651
Excel Mastery,75.99,Data Science,7 weeks,Skillshare,3.8,214
Cybersecurity Intro,67.95,IT Security,10 weeks,Pluralsight,1.2,591
Swift Dev Essentials,79.21,Mobile Development,6 weeks,edX,4.2,850
Startup Guide,21.56,Communication,12 weeks,edX,3.5,1729
Advanced Data Science,79.92,Marketing,10 weeks,Skillshare,1.3,2653
Creative Writing,46.32,Management,8 weeks,Pluralsight,4.5,2307
Startup Guide,49.95,Communication,8 weeks,Coursera,4.7,884
Advanced Data Science,89.9,Communication,5 weeks,LinkedIn Learning,1.2,699
Excel Mastery,40.28,Finance,5 weeks,LinkedIn Learning,2.1,4010
Creative Writing,37.25,IT Security,5 weeks,LinkedIn Learning,4.2,3151
Business Strategy,20.15,Writing,8 weeks,Udemy,4.0,1432
Web Dev Bootcamp,26.79,Mobile Development,6 weeks,LinkedIn Learning,1.7,681
Graphic Design Intro,95.45,IT Security,6 weeks,Skillshare,1.8,1181
AI for Everyone,31.07,Programming,9 weeks,Udacity,2.5,3736
Blockchain Intro,52.44,Business,4 weeks,Udacity,2.9,953
ML Basics,36.0,Finance,9 weeks,Udacity,3.5,1459
Creative Writing,61.15,Photography,7 weeks,edX,2.5,3747
Finance 101,86.07,Writing,5 weeks,Udacity,2.9,2549
Startup Guide,27.09,Technology,12 weeks,Udacity,4.0,3969
Photography 101,96.54,Programming,3 weeks,Skillshare,1.1,4270
Cybersecurity Intro,44.24,Photography,8 weeks,edX,2.0,2371
Cybersecurity Intro,99.71,Marketing,5 weeks,LinkedIn Learning,3.9,3662
Digital Marketing Pro,36.45,Technology,5 weeks,Udemy,4.6,3680
React Native Dev,95.73,Artificial Intelligence,6 weeks,Udacity,3.0,1763
Web Dev Bootcamp,89.54,Photography,5 weeks,Coursera,3.1,2362
ML Basics,81.07,Technology,5 weeks,Udacity,1.4,1948
Creative Writing,69.34,Programming,9 weeks,edX,2.8,380
UI/UX Design,60.54,Marketing,7 weeks,Coursera,3.1,4958
Creative Writing,53.08,Photography,8 weeks,Udacity,2.0,4489
Photography 101,68.48,Programming,10 weeks,Skillshare,2.1,1941
Creative Writing,99.96,Communication,3 weeks,edX,2.5,434
Photography 101,60.82,Design,8 weeks,Skillshare,1.1,4734
Cybersecurity Intro,51.43,Mobile Development,4 weeks,Pluralsight,2.3,904
Blockchain Intro,62.82,Marketing,8 weeks,Coursera,1.8,607
Startup Guide,66.21,IT Security,9 weeks,Skillshare,2.3,3072
UI/UX Design,72.79,Marketing,10 weeks,edX,1.5,2346
Python for Beginners,76.79,Business,4 weeks,Skillshare,4.6,4698
Web Dev Bootcamp,34.09,Communication,3 weeks,LinkedIn Learning,3.4,1697
Python for Beginners,27.21,Management,7 weeks,Udemy,3.7,582
Digital Marketing Pro,60.46,Programming,6 weeks,Udacity,4.2,2100
Advanced Data Science,30.59,Photography,12 weeks,LinkedIn Learning,3.0,3679
Web Dev Bootcamp,27.56,Technology,12 weeks,edX,1.3,4282
Public Speaking,33.28,Data Science,12 weeks,Skillshare,3.1,4634
Web Dev Bootcamp,45.59,Finance,9 weeks,edX,3.3,1643
Blockchain Intro,68.55,Marketing,8 weeks,LinkedIn Learning,4.0,1527
Excel Mastery,87.86,Marketing,6 weeks,edX,2.7,4303
Advanced Data Science,53.72,Data Science,9 weeks,edX,1.5,2667
Agile Project Mgmt,97.23,Business,3 weeks,Pluralsight,2.1,3658
Python for Beginners,50.22,Web Development,7 weeks,Udacity,2.5,4958
Agile Project Mgmt,31.96,Finance,5 weeks,edX,3.6,3598
Creative Writing,71.33,Programming,8 weeks,Skillshare,3.3,1547
Cybersecurity Intro,83.7,Data Science,4 weeks,Pluralsight,2.4,3147
AI for Everyone,24.28,IT Security,3 weeks,Udacity,4.9,107
Swift Dev Essentials,34.78,Artificial Intelligence,9 weeks,Coursera,3.4,3225
Excel Mastery,28.07,Management,9 weeks,Udacity,1.9,4540
UI/UX Design,20.92,Communication,10 weeks,edX,1.4,4742
Startup Guide,65.55,Writing,8 weeks,edX,1.6,3760
Graphic Design Intro,81.02,Business,6 weeks,edX,2.0,3167
Web Dev Bootcamp,40.92,Artificial Intelligence,6 weeks,Pluralsight,1.6,4693
Agile Project Mgmt,29.73,Management,4 weeks,Udacity,1.7,353
Creative Writing,86.41,Programming,5 weeks,edX,2.1,4676
Excel Mastery,41.17,Mobile Development,7 weeks,Skillshare,1.7,620
Agile Project Mgmt,81.4,Design,9 weeks,Coursera,4.6,1737
Startup Guide,65.64,Management,5 weeks,Pluralsight,1.3,2300
Cybersecurity Intro,87.45,IT Security,10 weeks,Coursera,3.1,1864
Cybersecurity Intro,59.96,Artificial Intelligence,3 weeks,Skillshare,2.6,2618
Cybersecurity Intro,45.81,Business,3 weeks,Udemy,4.9,2089
Graphic Design Intro,72.63,Artificial Intelligence,12 weeks,Udacity,1.4,2334
Advanced Data Science,73.08,Technology,8 weeks,Udacity,2.6,4637
Excel Mastery,73.57,Design,4 weeks,edX,4.9,1187
Digital Marketing Pro,66.67,Web Development,10 weeks,Udemy,4.5,1101
Finance 101,38.43,Photography,3 weeks,Pluralsight,4.3,4989
Digital Marketing Pro,31.15,Mobile Development,12 weeks,Udacity,2.0,2801
Web Dev Bootcamp,97.95,Business,10 weeks,LinkedIn Learning,1.7,1759
AI for Everyone,67.2,Writing,8 weeks,Udacity,3.7,2685
Graphic Design Intro,33.09,Finance,12 weeks,Udemy,4.7,791
ML Basics,62.06,Finance,4 weeks,Skillshare,3.2,3058
Digital Marketing Pro,44.66,Management,8 weeks,Skillshare,3.3,2115
Agile Project Mgmt,37.47,Management,4 weeks,LinkedIn Learning,2.1,3877
React Native Dev,91.16,Artificial Intelligence,5 weeks,Udemy,4.1,4986
Swift Dev Essentials,78.3,Technology,4 weeks,Udacity,1.7,4552
Creative Writing,68.98,Web Development,9 weeks,LinkedIn Learning,2.3,2123
Business Strategy,20.83,Data Science,10 weeks,Udemy,2.7,3980
Creative Writing,61.34,Writing,12 weeks,LinkedIn Learning,3.0,2001
Business Strategy,79.2,Photography,7 weeks,Pluralsight,2.0,1077
Swift Dev Essentials,83.38,Marketing,5 weeks,Coursera,1.5,1587
UI/UX Design,55.56,Writing,3 weeks,Coursera,3.4,1021
Public Speaking,30.54,Finance,4 weeks,LinkedIn Learning,2.2,2284
Web Dev Bootcamp,24.17,Mobile Development,12 weeks,edX,3.3,4879
Public Speaking,34.53,Design,12 weeks,Coursera,1.6,1824
Photography 101,76.05,Artificial Intelligence,4 weeks,LinkedIn Learning,2.9,2436
Excel Mastery,27.61,Marketing,12 weeks,Pluralsight,3.1,4412
UI/UX Design,33.95,Finance,9 weeks,Udacity,1.2,4884
Finance 101,49.54,Data Science,12 weeks,Udacity,2.3,2561
Python for Beginners,68.04,Communication,12 weeks,Udemy,1.5,3667
Agile Project Mgmt,23.02,Technology,4 weeks,Skillshare,1.3,17
Python for Beginners,99.42,Finance,6 weeks,LinkedIn Learning,5.0,2565
Advanced Data Science,60.12,Web Development,8 weeks,Udacity,2.3,485
React Native Dev,25.42,Web Development,6 weeks,Coursera,4.2,2221
Public Speaking,29.09,Management,8 weeks,Coursera,2.0,494
UI/UX Design,54.64,Writing,4 weeks,Udacity,3.7,4664
Photography 101,41.48,Data Science,4 weeks,Udemy,4.0,2295
React Native Dev,47.81,Data Science,12 weeks,Udacity,3.4,4573
Creative Writing,43.81,Design,10 weeks,LinkedIn Learning,2.9,3535
Public Speaking,89.48,Marketing,5 weeks,Skillshare,2.6,3349
Creative Writing,63.92,Data Science,4 weeks,Pluralsight,2.4,2832
ML Basics,38.41,Design,8 weeks,Pluralsight,4.7,4953
Python for Beginners,83.83,IT Security,5 weeks,edX,4.3,2934
Business Strategy,76.1,Management,10 weeks,LinkedIn Learning,4.9,268
AI for Everyone,64.81,Data Science,6 weeks,Udacity,1.5,292
Swift Dev Essentials,92.64,Management,8 weeks,Coursera,3.9,1908
ML Basics,82.4,Programming,7 weeks,Pluralsight,4.8,4145
UI/UX Design,41.37,Photography,10 weeks,Udacity,1.7,2986
Excel Mastery,51.61,Writing,8 weeks,LinkedIn Learning,1.3,2277
Advanced Data Science,57.23,Business,8 weeks,LinkedIn Learning,4.0,3210
Advanced Data Science,49.53,Technology,9 weeks,Pluralsight,3.3,622
Advanced Data Science,88.55,Photography,7 weeks,Udacity,4.4,697
Photography 101,20.09,Web Development,12 weeks,Skillshare,1.6,3700
React Native Dev,49.31,Technology,4 weeks,edX,4.2,622
Photography 101,77.32,Finance,10 weeks,Udemy,1.8,2317
Photography 101,57.39,Marketing,3 weeks,edX,1.7,3023
Digital Marketing Pro,68.29,Technology,8 weeks,LinkedIn Learning,1.7,1791
Python for Beginners,97.5,Marketing,4 weeks,Skillshare,4.3,2601
Startup Guide,21.53,Data Science,6 weeks,Coursera,3.7,2706
Graphic Design Intro,99.01,Business,12 weeks,Udacity,3.1,3968
Startup Guide,43.07,Communication,9 weeks,Udemy,2.4,584
Startup Guide,45.79,Marketing,8 weeks,Udacity,4.5,1920
React Native Dev,30.94,Technology,12 weeks,Pluralsight,2.6,3614
Cybersecurity Intro,68.02,Writing,4 weeks,Pluralsight,4.3,679
Swift Dev Essentials,76.44,Programming,8 weeks,Udacity,2.8,4374
Excel Mastery,86.44,Technology,12 weeks,LinkedIn Learning,2.5,1293
Cybersecurity Intro,94.51,Photography,10 weeks,Pluralsight,2.9,933
Digital Marketing Pro,88.33,Business,6 weeks,Skillshare,2.2,1135
Digital Marketing Pro,23.06,Artificial Intelligence,4 weeks,Pluralsight,4.0,1539
Digital Marketing Pro,80.0,Web Development,7 weeks,edX,3.0,1604
Digital Marketing Pro,96.09,Design,12 weeks,Pluralsight,1.9,256
Graphic Design Intro,21.75,Data Science,4 weeks,Skillshare,4.6,3721
Startup Guide,30.05,Data Science,6 weeks,Udemy,2.5,1570
ML Basics,28.57,Web Development,4 weeks,Udacity,3.2,2410
Digital Marketing Pro,72.35,Mobile Development,12 weeks,LinkedIn Learning,4.6,2253
Agile Project Mgmt,34.53,Design,12 weeks,Udacity,3.5,3874
Blockchain Intro,32.8,Technology,3 weeks,Pluralsight,1.5,1949
UI/UX Design,89.13,Communication,12 weeks,Skillshare,4.8,3079
Startup Guide,99.1,Mobile Development,10 weeks,Pluralsight,3.5,236
Excel Mastery,42.91,Data Science,5 weeks,Coursera,2.3,3557
Blockchain Intro,30.15,Web Development,6 weeks,Udemy,1.6,274
Cybersecurity Intro,57.09,Management,8 weeks,edX,4.2,1405
UI/UX Design,98.27,Communication,12 weeks,edX,3.5,3567
Public Speaking,91.64,Photography,10 weeks,LinkedIn Learning,3.1,655
Agile Project Mgmt,77.27,Communication,5 weeks,LinkedIn Learning,4.6,3000
Python for Beginners,55.65,Business,7 weeks,Coursera,4.2,1909
Python for Beginners,34.72,IT Security,10 weeks,Pluralsight,1.6,2514
Photography 101,84.73,Photography,8 weeks,LinkedIn Learning,2.2,2782
Graphic Design Intro,72.97,Artificial Intelligence,5 weeks,edX,2.0,1164
Python for Beginners,98.37,Business,4 weeks,LinkedIn Learning,4.0,597
AI for Everyone,98.29,Writing,5 weeks,Skillshare,1.1,4581
React Native Dev,47.81,Artificial Intelligence,6 weeks,Skillshare,3.3,1831
ML Basics,30.06,Technology,9 weeks,Udacity,4.0,995
Swift Dev Essentials,96.32,Communication,10 weeks,LinkedIn Learning,4.5,4089
ML Basics,28.82,Web Development,3 weeks,LinkedIn Learning,2.4,3358
Python for Beginners,59.85,Artificial Intelligence,12 weeks,LinkedIn Learning,4.3,3841
Startup Guide,61.45,Design,10 weeks,Skillshare,1.4,1251
Finance 101,44.83,Data Science,4 weeks,Skillshare,4.4,199
Excel Mastery,30.73,Programming,6 weeks,Udacity,1.5,990
Advanced Data Science,88.83,Technology,6 weeks,Udacity,2.6,1708
Advanced Data Science,46.11,Design,10 weeks,Udemy,4.2,1725
Digital Marketing Pro,55.19,Marketing,7 weeks,Coursera,1.6,2603
Blockchain Intro,50.5,Technology,9 weeks,Udacity,1.9,4146
Graphic Design Intro,31.03,Data Science,7 weeks,Pluralsight,3.9,4443
Graphic Design Intro,56.18,Photography,3 weeks,edX,3.9,1108
Agile Project Mgmt,59.91,Finance,8 weeks,LinkedIn Learning,3.6,2336
Blockchain Intro,84.0,Design,9 weeks,Skillshare,3.8,3257
Public Speaking,27.52,Artificial Intelligence,10 weeks,Pluralsight,3.2,905
Agile Project Mgmt,53.89,Artificial Intelligence,8 weeks,LinkedIn Learning,2.0,1684
ML Basics,84.0,Data Science,4 weeks,LinkedIn Learning,2.4,2919
AI for Everyone,65.55,Business,3 weeks,Udacity,1.7,940
Advanced Data Science,86.16,Communication,9 weeks,LinkedIn Learning,4.6,4394
ML Basics,69.8,Writing,9 weeks,Coursera,3.3,733
Finance 101,44.45,Communication,9 weeks,LinkedIn Learning,2.6,2950
Blockchain Intro,72.25,Web Development,7 weeks,edX,2.8,1099
Business Strategy,33.75,Design,10 weeks,Skillshare,4.8,4588
Cybersecurity Intro,82.66,Writing,3 weeks,Pluralsight,1.6,945
Finance 101,57.88,Artificial Intelligence,9 weeks,edX,3.3,2305
Blockchain Intro,58.35,Web Development,7 weeks,Udemy,3.0,165
Advanced Data Science,98.75,Management,8 weeks,Skillshare,3.4,1080
Startup Guide,24.79,Communication,10 weeks,Skillshare,1.1,1968
Business Strategy,58.83,Communication,12 weeks,Udemy,4.5,2511
Cybersecurity Intro,54.95,Technology,6 weeks,Udemy,4.7,4229
Excel Mastery,20.61,Business,4 weeks,Skillshare,3.3,3840
UI/UX Design,78.12,Artificial Intelligence,6 weeks,LinkedIn Learning,3.8,864
Graphic Design Intro,37.92,Photography,8 weeks,Pluralsight,4.7,649
Creative Writing,51.35,Design,10 weeks,Udemy,3.8,2248
Business Strategy,58.15,Data Science,5 weeks,Coursera,1.6,1612
Digital Marketing Pro,87.9,Artificial Intelligence,8 weeks,Coursera,3.3,451
Startup Guide,55.53,Photography,6 weeks,LinkedIn Learning,3.4,4638
Business Strategy,20.07,Data Science,3 weeks,Skillshare,2.7,1346
Business Strategy,35.09,Business,12 weeks,edX,3.9,3710
Creative Writing,40.29,Technology,8 weeks,Coursera,4.7,958
React Native Dev,90.76,Artificial Intelligence,9 weeks,LinkedIn Learning,4.7,3383
ML Basics,33.66,Data Science,8 weeks,Skillshare,2.8,469
Startup Guide,90.86,Mobile Development,10 weeks,Skillshare,1.5,4656
Photography 101,96.92,Data Science,7 weeks,LinkedIn Learning,4.9,402
UI/UX Design,89.15,Mobile Development,12 weeks,Skillshare,4.4,3948
Web Dev Bootcamp,72.78,Mobile Development,9 weeks,Skillshare,1.5,1797
Swift Dev Essentials,30.14,Business,7 weeks,LinkedIn Learning,4.7,4950
ML Basics,68.74,Programming,8 weeks,edX,4.5,2267
Blockchain Intro,69.31,Marketing,4 weeks,edX,3.1,1148
Creative Writing,32.3,Design,8 weeks,edX,3.4,3818
Cybersecurity Intro,47.17,Communication,6 weeks,Udacity,2.6,4751
Advanced Data Science,66.24,Mobile Development,9 weeks,Pluralsight,1.2,2464
UI/UX Design,96.46,Programming,9 weeks,Skillshare,2.3,1476
ML Basics,78.35,Artificial Intelligence,4 weeks,Udacity,4.2,3684
Cybersecurity Intro,66.49,Web Development,5 weeks,Udemy,1.0,1387
Finance 101,72.34,Technology,3 weeks,edX,2.3,2607
Advanced Data Science,62.49,Programming,10 weeks,edX,2.6,151
Creative Writing,98.44,Communication,6 weeks,LinkedIn Learning,3.1,2669
AI for Everyone,50.36,Artificial Intelligence,9 weeks,Udacity,4.7,4606
Finance 101,30.44,Programming,3 weeks,Udemy,2.4,849
Photography 101,55.91,Photography,12 weeks,Udacity,2.4,3628
Graphic Design Intro,41.15,Management,7 weeks,edX,4.0,3927
Public Speaking,52.01,Design,10 weeks,Pluralsight,2.8,605
UI/UX Design,42.55,Design,12 weeks,Udemy,1.9,1914
React Native Dev,58.95,Web Development,4 weeks,Udemy,2.8,290
Finance 101,90.93,Data Science,9 weeks,Skillshare,1.6,433
Finance 101,64.7,Writing,6 weeks,Udemy,1.7,4375
Blockchain Intro,29.73,Technology,9 weeks,LinkedIn Learning,3.0,4259
Excel Mastery,96.63,Management,6 weeks,edX,2.7,1760
Advanced Data Science,39.88,Web Development,9 weeks,Udemy,4.7,4767
Web Dev Bootcamp,40.32,Technology,5 weeks,edX,2.4,1977
React Native Dev,67.47,Technology,12 weeks,Skillshare,3.3,4098
UI/UX Design,36.76,Design,12 weeks,LinkedIn Learning,3.5,4188
Photography 101,24.28,Data Science,8 weeks,Coursera,1.1,2956
Cybersecurity Intro,82.08,Management,4 weeks,edX,3.7,1459
Blockchain Intro,61.97,Artificial Intelligence,3 weeks,Udemy,1.7,2341
Swift Dev Essentials,25.67,Writing,6 weeks,LinkedIn Learning,4.8,2230
Python for Beginners,56.28,Business,12 weeks,LinkedIn Learning,1.6,3799
Swift Dev Essentials,21.44,Design,10 weeks,edX,2.7,2820
React Native Dev,28.8,Artificial Intelligence,7 weeks,Skillshare,1.3,4738
Web Dev Bootcamp,29.75,Mobile Development,10 weeks,Skillshare,5.0,1541
Advanced Data Science,89.99,Programming,5 weeks,Coursera,3.0,4892
Python for Beginners,95.4,Artificial Intelligence,6 weeks,Udemy,3.4,3000
AI for Everyone,35.11,Photography,4 weeks,edX,1.3,4503
Agile Project Mgmt,99.81,Design,5 weeks,Pluralsight,4.0,1153
ML Basics,53.69,Business,12 weeks,Skillshare,1.8,943
ML Basics,60.61,Photography,3 weeks,edX,4.6,1470
Graphic Design Intro,55.15,Mobile Development,8 weeks,LinkedIn Learning,1.8,2733
Excel Mastery,52.72,Mobile Development,5 weeks,edX,1.8,2522
Python for Beginners,99.88,Mobile Development,10 weeks,Skillshare,1.1,295
Cybersecurity Intro,57.7,Finance,7 weeks,Skillshare,2.9,274
Digital Marketing Pro,53.54,Communication,10 weeks,Pluralsight,3.3,2377
UI/UX Design,92.78,Technology,6 weeks,edX,1.3,3457
Startup Guide,77.62,Writing,4 weeks,Udacity,4.1,4926
Web Dev Bootcamp,26.18,Artificial Intelligence,4 weeks,LinkedIn Learning,2.8,1772
Python for Beginners,83.95,Finance,12 weeks,Skillshare,3.1,3058
Business Strategy,50.56,Web Development,7 weeks,Pluralsight,2.8,2391
Excel Mastery,96.59,Web Development,3 weeks,Udacity,2.6,2279
ML Basics,96.98,Technology,3 weeks,Udemy,3.2,50
Creative Writing,67.56,Business,8 weeks,Udacity,1.6,77
Cybersecurity Intro,82.16,Mobile Development,9 weeks,Coursera,1.7,997
Creative Writing,82.1,Design,4 weeks,Coursera,4.4,4018
Web Dev Bootcamp,90.92,Management,9 weeks,Skillshare,4.8,3208
Excel Mastery,27.43,Photography,3 weeks,Pluralsight,2.5,4800
Excel Mastery,49.98,Business,3 weeks,Skillshare,2.1,2534
Blockchain Intro,91.6,Communication,5 weeks,Skillshare,3.6,1095
Creative Writing,49.4,Communication,7 weeks,Skillshare,2.6,2489
Startup Guide,90.77,Web Development,12 weeks,Pluralsight,1.1,1703
Public Speaking,35.26,Web Development,12 weeks,LinkedIn Learning,1.6,2325
Finance 101,59.14,Management,4 weeks,edX,3.9,788
React Native Dev,83.39,Design,8 weeks,LinkedIn Learning,3.6,4599
Graphic Design Intro,67.53,Technology,10 weeks,edX,1.1,1595
Agile Project Mgmt,76.44,Technology,7 weeks,Pluralsight,1.9,1502
AI for Everyone,28.41,Business,10 weeks,Skillshare,1.9,670
AI for Everyone,90.54,Technology,6 weeks,edX,3.7,1358
Blockchain Intro,49.25,Marketing,9 weeks,LinkedIn Learning,1.1,1309
Excel Mastery,54.47,Business,4 weeks,Udacity,1.4,3950
Digital Marketing Pro,43.61,IT Security,12 weeks,Coursera,4.2,1996
Creative Writing,97.91,Web Development,12 weeks,Udacity,1.7,2054
Web Dev Bootcamp,73.52,Communication,10 weeks,Coursera,3.6,3526
Graphic Design Intro,81.75,Programming,5 weeks,Udemy,2.0,1068
UI/UX Design,50.2,Data Science,6 weeks,Skillshare,1.4,986
Creative Writing,59.97,Artificial Intelligence,10 weeks,edX,2.0,4587
React Native Dev,90.31,Finance,6 weeks,Udacity,3.9,737
Blockchain Intro,48.63,Technology,3 weeks,LinkedIn Learning,4.4,2537
Excel Mastery,29.77,Marketing,6 weeks,Skillshare,4.3,3146
Digital Marketing Pro,59.71,Writing,4 weeks,LinkedIn Learning,2.6,352
Photography 101,22.61,Marketing,7 weeks,Udacity,3.7,1457
UI/UX Design,21.39,Business,9 weeks,Coursera,1.8,2389
UI/UX Design,35.63,Programming,12 weeks,LinkedIn Learning,2.2,3669
Business Strategy,92.32,Marketing,5 weeks,Skillshare,4.6,536
ML Basics,81.02,IT Security,4 weeks,edX,1.1,1906
Blockchain Intro,38.77,Finance,7 weeks,Pluralsight,1.3,4764
Web Dev Bootcamp,72.72,Data Science,7 weeks,LinkedIn Learning,1.8,2083
Creative Writing,62.89,Design,5 weeks,Coursera,1.1,4925
AI for Everyone,59.95,Design,3 weeks,Udacity,1.7,415
React Native Dev,87.65,Technology,7 weeks,Udemy,3.3,1583
Swift Dev Essentials,37.08,Photography,4 weeks,edX,2.7,4610
Swift Dev Essentials,65.99,Finance,8 weeks,LinkedIn Learning,4.6,3750
Advanced Data Science,88.07,Technology,3 weeks,Skillshare,4.3,4284
UI/UX Design,37.12,Programming,7 weeks,edX,2.4,4237
Startup Guide,77.48,IT Security,3 weeks,LinkedIn Learning,2.0,1856
Public Speaking,74.83,Photography,3 weeks,Coursera,2.5,1488
UI/UX Design,39.91,Design,7 weeks,Pluralsight,3.4,2405
Graphic Design Intro,78.67,Technology,8 weeks,Skillshare,2.1,781
Cybersecurity Intro,50.27,Web Development,10 weeks,Udemy,3.5,588
Agile Project Mgmt,53.61,Programming,9 weeks,Coursera,2.6,2911
Startup Guide,96.06,Marketing,8 weeks,Udemy,3.2,203
Advanced Data Science,73.86,Programming,9 weeks,Coursera,2.7,2017
Finance 101,62.28,Communication,6 weeks,LinkedIn Learning,2.2,1195
Excel Mastery,89.39,Technology,5 weeks,Udacity,4.8,2404
Graphic Design Intro,46.8,Programming,12 weeks,Skillshare,4.1,3008
React Native Dev,29.56,Business,3 weeks,edX,1.6,1802
Python for Beginners,75.16,Photography,3 weeks,Skillshare,4.5,1120
AI for Everyone,97.86,Communication,6 weeks,edX,2.9,4015
Web Dev Bootcamp,49.29,Design,10 weeks,LinkedIn Learning,4.6,2271
Creative Writing,41.35,Finance,6 weeks,Udacity,4.2,3746
Advanced Data Science,65.92,Writing,4 weeks,Udacity,2.7,3803
Finance 101,59.78,Artificial Intelligence,8 weeks,Pluralsight,1.1,1946
Web Dev Bootcamp,35.54,Mobile Development,4 weeks,Pluralsight,2.1,4885
Public Speaking,88.9,Photography,3 weeks,Coursera,3.2,4367
React Native Dev,41.82,Marketing,4 weeks,Udemy,3.5,739
Startup Guide,90.11,Finance,5 weeks,Skillshare,2.0,4388
AI for Everyone,32.56,Data Science,6 weeks,Skillshare,1.6,3461
Python for Beginners,35.2,Data Science,6 weeks,Udemy,4.3,4467
React Native Dev,82.49,Finance,4 weeks,LinkedIn Learning,4.9,4546
Excel Mastery,87.71,Mobile Development,4 weeks,edX,3.1,2150
Advanced Data Science,69.36,Programming,7 weeks,LinkedIn Learning,1.7,1654
Swift Dev Essentials,59.09,IT Security,4 weeks,Coursera,2.1,2810
Digital Marketing Pro,64.56,Writing,8 weeks,Skillshare,1.1,4972
Web Dev Bootcamp,36.48,IT Security,12 weeks,Coursera,4.7,151
Public Speaking,25.09,Communication,12 weeks,Udemy,1.5,1465
Python for Beginners,51.81,Mobile Development,4 weeks,Udacity,3.3,4806
Finance 101,78.87,Communication,3 weeks,LinkedIn Learning,2.1,2106
Web Dev Bootcamp,96.93,Design,10 weeks,Udemy,3.2,1335
UI/UX Design,60.06,Programming,8 weeks,edX,3.6,4986
Excel Mastery,46.7,Mobile Development,8 weeks,LinkedIn Learning,4.3,1223
Blockchain Intro,35.85,Finance,6 weeks,Skillshare,1.8,1169
Excel Mastery,74.45,Finance,10 weeks,Udemy,1.0,4660
ML Basics,92.89,Web Development,7 weeks,edX,1.5,4509
Excel Mastery,85.99,IT Security,10 weeks,Udemy,4.6,4997
Startup Guide,63.17,Communication,4 weeks,LinkedIn Learning,4.5,4707
AI for Everyone,45.42,Programming,7 weeks,Skillshare,3.4,350
UI/UX Design,94.67,Data Science,7 weeks,Udacity,3.4,3838
Cybersecurity Intro,77.78,Management,5 weeks,Skillshare,3.7,1978
Excel Mastery,89.35,Communication,3 weeks,edX,1.7,713
Python for Beginners,96.95,Web Development,8 weeks,LinkedIn Learning,4.7,4423
Web Dev Bootcamp,56.05,IT Security,6 weeks,Udemy,2.7,2439
Cybersecurity Intro,36.23,Artificial Intelligence,4 weeks,Udemy,2.5,1810
Public Speaking,41.16,Photography,3 weeks,edX,3.1,4922
Blockchain Intro,28.24,Artificial Intelligence,8 weeks,Pluralsight,1.2,4658
React Native Dev,47.32,Photography,5 weeks,Coursera,1.7,865
React Native Dev,56.82,Management,7 weeks,Coursera,4.0,1822
Web Dev Bootcamp,37.96,Finance,12 weeks,Udemy,1.3,2876
AI for Everyone,81.53,Web Development,12 weeks,Udacity,3.4,3652
Cybersecurity Intro,77.28,Business,6 weeks,Skillshare,2.0,192
Public Speaking,24.34,Mobile Development,8 weeks,Coursera,2.6,3122
Business Strategy,92.99,Business,12 weeks,edX,2.2,4502
Digital Marketing Pro,51.71,Web Development,8 weeks,Udemy,2.4,1527
Public Speaking,38.42,Artificial Intelligence,3 weeks,Pluralsight,3.9,1366
Digital Marketing Pro,25.92,Finance,12 weeks,LinkedIn Learning,2.2,2184
Python for Beginners,71.27,Artificial Intelligence,3 weeks,Pluralsight,3.3,3639
Digital Marketing Pro,34.6,IT Security,7 weeks,Udemy,2.9,3638
Creative Writing,96.21,Business,6 weeks,LinkedIn Learning,3.7,4106
Business Strategy,22.17,Technology,6 weeks,Coursera,4.7,3249
Graphic Design Intro,48.35,Business,5 weeks,Udacity,3.9,3701
AI for Everyone,46.21,Mobile Development,7 weeks,Udacity,1.9,28
UI/UX Design,63.34,Data Science,12 weeks,LinkedIn Learning,1.1,3413
UI/UX Design,92.63,Marketing,4 weeks,Udacity,2.0,4689
Blockchain Intro,20.93,Technology,10 weeks,Udemy,3.4,4561
Excel Mastery,72.37,Writing,5 weeks,LinkedIn Learning,1.2,3014
Public Speaking,34.7,Mobile Development,5 weeks,Skillshare,3.0,1142
Agile Project Mgmt,85.62,Data Science,9 weeks,Skillshare,3.4,3349
Advanced Data Science,85.34,Finance,5 weeks,LinkedIn Learning,2.3,3321
Blockchain Intro,90.05,Programming,4 weeks,edX,4.1,3382
Excel Mastery,28.03,Programming,5 weeks,LinkedIn Learning,1.4,997
Creative Writing,24.31,Photography,5 weeks,LinkedIn Learning,1.3,3331
Blockchain Intro,33.74,Programming,7 weeks,Udemy,3.9,4625
ML Basics,62.54,Mobile Development,12 weeks,edX,3.0,4964
UI/UX Design,37.36,Marketing,4 weeks,edX,3.8,183
Agile Project Mgmt,32.98,Programming,4 weeks,Pluralsight,2.7,3751
Blockchain Intro,36.74,Technology,7 weeks,LinkedIn Learning,2.0,3062
Graphic Design Intro,34.97,Mobile Development,6 weeks,Udacity,4.3,736
Finance 101,78.74,Finance,4 weeks,edX,4.2,3770
Excel Mastery,91.69,Mobile Development,4 weeks,Udemy,3.8,1885
Finance 101,46.24,Mobile Development,4 weeks,edX,2.1,4043
Python for Beginners,33.41,Data Science,12 weeks,Udacity,3.4,999
Business Strategy,80.96,Design,6 weeks,Skillshare,2.4,3754
Graphic Design Intro,39.16,Web Development,10 weeks,LinkedIn Learning,1.4,2696
UI/UX Design,77.37,Finance,3 weeks,Coursera,4.7,429
ML Basics,91.63,Communication,10 weeks,Coursera,1.5,603
Creative Writing,75.04,Photography,4 weeks,LinkedIn Learning,4.8,1784
Agile Project Mgmt,87.66,Communication,10 weeks,Udemy,2.8,2469
AI for Everyone,34.48,Web Development,10 weeks,Pluralsight,1.7,945
Web Dev Bootcamp,93.98,Management,5 weeks,Pluralsight,3.2,3818
Startup Guide,47.78,Communication,3 weeks,Skillshare,4.5,341
Digital Marketing Pro,59.55,Artificial Intelligence,6 weeks,Udacity,3.9,3459
Advanced Data Science,35.51,Data Science,4 weeks,Skillshare,4.2,2712
AI for Everyone,40.86,Artificial Intelligence,4 weeks,Udacity,3.6,4016
Python for Beginners,55.09,IT Security,3 weeks,Skillshare,3.8,3878
Graphic Design Intro,34.12,Business,9 weeks,Udemy,4.4,4210
UI/UX Design,94.8,IT Security,7 weeks,Udemy,2.0,211
Creative Writing,45.74,IT Security,7 weeks,Coursera,3.0,2507
Public Speaking,52.04,Data Science,6 weeks,Pluralsight,1.9,1852
UI/UX Design,92.11,Business,10 weeks,Udacity,5.0,1876
Finance 101,68.47,Management,6 weeks,Udemy,4.8,2006
Excel Mastery,61.2,IT Security,3 weeks,Udemy,1.2,919
Python for Beginners,33.76,Technology,12 weeks,LinkedIn Learning,3.8,4315
Blockchain Intro,21.59,Business,8 weeks,LinkedIn Learning,4.7,4668
React Native Dev,21.84,Programming,3 weeks,Udemy,1.7,3199
Digital Marketing Pro,69.53,Technology,6 weeks,Coursera,3.3,780
Finance 101,38.61,Writing,8 weeks,Udemy,4.7,3165
Advanced Data Science,23.53,Data Science,8 weeks,LinkedIn Learning,1.1,2511
Creative Writing,58.17,Communication,4 weeks,edX,3.8,2724
Excel Mastery,29.92,Finance,6 weeks,Coursera,2.2,4734
Python for Beginners,34.09,IT Security,8 weeks,Udacity,4.7,3595
AI for Everyone,52.95,Data Science,6 weeks,Coursera,4.9,1638
Cybersecurity Intro,30.88,Writing,3 weeks,Coursera,4.8,396
Agile Project Mgmt,44.51,Web Development,8 weeks,Pluralsight,2.9,3431
Advanced Data Science,87.4,Writing,7 weeks,Coursera,4.4,4018
Advanced Data Science,68.08,Finance,5 weeks,Skillshare,4.4,4103
Creative Writing,97.16,Web Development,5 weeks,Udemy,2.3,4373
Public Speaking,32.09,Mobile Development,6 weeks,Coursera,4.3,2476
Public Speaking,97.83,Photography,4 weeks,LinkedIn Learning,1.1,2292
Startup Guide,62.37,Business,6 weeks,Coursera,3.4,1866
Excel Mastery,79.62,Marketing,9 weeks,Udacity,1.9,2008
Startup Guide,72.0,Technology,7 weeks,edX,1.5,1246
ML Basics,24.28,Artificial Intelligence,6 weeks,Udacity,1.3,4679
Excel Mastery,26.93,Communication,8 weeks,LinkedIn Learning,3.8,4154
Finance 101,46.13,Writing,6 weeks,Skillshare,2.4,1160
AI for Everyone,64.02,Design,3 weeks,edX,3.9,4328
Finance 101,34.57,Mobile Development,3 weeks,LinkedIn Learning,1.3,1441
Python for Beginners,43.93,Marketing,10 weeks,Udacity,2.3,1829
Advanced Data Science,73.31,IT Security,5 weeks,Coursera,3.2,2334
Digital Marketing Pro,93.7,Programming,3 weeks,edX,4.2,1140
Finance 101,34.47,IT Security,12 weeks,LinkedIn Learning,2.3,2668
Finance 101,68.47,Artificial Intelligence,10 weeks,Pluralsight,3.5,3510
Photography 101,47.45,Programming,4 weeks,Coursera,4.5,384
Excel Mastery,44.67,Photography,5 weeks,Pluralsight,3.5,2130
UI/UX Design,76.14,Mobile Development,3 weeks,Skillshare,1.9,4030
AI for Everyone,76.23,Photography,8 weeks,edX,1.1,2031
Digital Marketing Pro,61.31,Photography,7 weeks,Pluralsight,4.5,3715
Photography 101,73.37,Programming,6 weeks,Udemy,1.1,3269
React Native Dev,64.87,Management,9 weeks,LinkedIn Learning,4.5,3445
AI for Everyone,97.86,Photography,10 weeks,LinkedIn Learning,3.1,1899
Advanced Data Science,68.82,Finance,4 weeks,Udemy,4.8,1833
Advanced Data Science,22.84,Business,8 weeks,Skillshare,4.2,1484
React Native Dev,27.96,Business,10 weeks,Skillshare,5.0,2252
Creative Writing,24.93,Technology,6 weeks,edX,2.4,3253
Public Speaking,90.49,Marketing,3 weeks,Coursera,4.1,3144
Swift Dev Essentials,82.05,Marketing,7 weeks,edX,2.6,2080
Graphic Design Intro,62.02,Programming,10 weeks,Skillshare,2.9,369
ML Basics,87.86,Mobile Development,4 weeks,Udacity,3.5,2051
Excel Mastery,37.12,Writing,7 weeks,Pluralsight,4.5,1151
Creative Writing,97.13,IT Security,8 weeks,Udacity,4.9,1645
React Native Dev,68.43,Business,9 weeks,LinkedIn Learning,4.1,4010
Digital Marketing Pro,30.51,Photography,6 weeks,LinkedIn Learning,2.7,1953
Agile Project Mgmt,45.27,Artificial Intelligence,3 weeks,Skillshare,2.7,4784
Creative Writing,78.86,IT Security,7 weeks,Skillshare,4.0,3371
Web Dev Bootcamp,93.69,Business,5 weeks,Skillshare,2.0,2990
Public Speaking,79.47,Data Science,3 weeks,Skillshare,1.4,16
Web Dev Bootcamp,27.44,Web Development,3 weeks,Udacity,2.4,3277
Excel Mastery,82.93,Mobile Development,5 weeks,Skillshare,2.1,1601
AI for Everyone,71.3,Design,8 weeks,LinkedIn Learning,2.2,4938
Graphic Design Intro,84.44,Marketing,4 weeks,edX,1.9,3274
React Native Dev,44.46,Photography,4 weeks,Udacity,1.2,2616
Digital Marketing Pro,32.87,Photography,12 weeks,LinkedIn Learning,1.1,3229
Startup Guide,67.98,IT Security,10 weeks,Coursera,5.0,3283
Finance 101,77.24,Design,7 weeks,Pluralsight,2.7,923
Cybersecurity Intro,65.35,Mobile Development,7 weeks,LinkedIn Learning,2.5,2021
UI/UX Design,55.59,Business,9 weeks,Udemy,3.7,1452
Public Speaking,82.57,Marketing,4 weeks,edX,1.9,3064
AI for Everyone,21.28,Business,6 weeks,edX,4.8,3556
Digital Marketing Pro,90.75,Management,12 weeks,Coursera,4.1,4231
Advanced Data Science,71.08,Business,3 weeks,Pluralsight,1.4,4922
Excel Mastery,38.36,Finance,8 weeks,Udemy,2.7,2938
Digital Marketing Pro,36.83,Design,7 weeks,Udacity,4.5,1839
Digital Marketing Pro,97.57,Photography,7 weeks,Coursera,4.8,585
Web Dev Bootcamp,26.94,Management,6 weeks,Coursera,2.9,939
UI/UX Design,49.58,Data Science,4 weeks,Udacity,3.5,3769
Photography 101,98.78,Data Science,7 weeks,Coursera,1.7,3709
AI for Everyone,71.19,Finance,7 weeks,Udacity,5.0,1473
Advanced Data Science,56.69,Photography,6 weeks,Udemy,1.9,3285
Cybersecurity Intro,68.53,Photography,6 weeks,Udacity,4.8,4938
Finance 101,99.9,Management,9 weeks,Pluralsight,3.6,1064
Creative Writing,84.68,Technology,12 weeks,Coursera,3.4,1910
ML Basics,91.77,Artificial Intelligence,12 weeks,Udacity,3.1,1467
Cybersecurity Intro,48.23,Mobile Development,12 weeks,edX,1.9,1409
Python for Beginners,68.41,Photography,10 weeks,edX,1.7,3425
Web Dev Bootcamp,35.25,Web Development,4 weeks,Udacity,1.9,452
Graphic Design Intro,55.61,Mobile Development,5 weeks,edX,1.7,3660
Finance 101,69.35,IT Security,6 weeks,Pluralsight,4.1,4662
ML Basics,79.15,Communication,5 weeks,edX,2.4,1188
ML Basics,20.15,Business,8 weeks,edX,1.2,4468
Advanced Data Science,34.67,Management,10 weeks,Skillshare,4.9,1267
Advanced Data Science,56.43,Mobile Development,7 weeks,Skillshare,4.5,3644
Excel Mastery,66.54,Communication,10 weeks,LinkedIn Learning,4.7,1851
Cybersecurity Intro,99.68,Photography,8 weeks,edX,5.0,2319
Public Speaking,50.87,Finance,12 weeks,Skillshare,1.7,920
Business Strategy,96.23,Artificial Intelligence,10 weeks,Pluralsight,2.6,4350
Public Speaking,37.28,Photography,6 weeks,edX,4.0,4647
Business Strategy,51.99,Writing,3 weeks,LinkedIn Learning,3.8,4019
Finance 101,83.83,Business,9 weeks,edX,1.6,2179
Digital Marketing Pro,70.38,Web Development,8 weeks,Udacity,4.3,2182
AI for Everyone,93.51,IT Security,9 weeks,Coursera,1.9,133
React Native Dev,55.7,Web Development,3 weeks,Coursera,1.9,3168
Finance 101,56.24,Finance,8 weeks,Udacity,3.1,795
Agile Project Mgmt,81.95,Web Development,10 weeks,edX,3.4,2426
Digital Marketing Pro,95.76,Technology,4 weeks,Udacity,3.3,806
Advanced Data Science,78.64,Design,3 weeks,Coursera,1.4,4182
Business Strategy,65.82,IT Security,3 weeks,Skillshare,4.5,4164
Creative Writing,71.17,Management,12 weeks,Skillshare,2.1,1946
React Native Dev,25.99,Artificial Intelligence,12 weeks,edX,1.5,2166
UI/UX Design,90.82,Marketing,3 weeks,Skillshare,4.6,3817
React Native Dev,66.54,Marketing,12 weeks,LinkedIn Learning,4.8,1311
Cybersecurity Intro,50.06,Programming,9 weeks,edX,4.4,4173
Agile Project Mgmt,50.8,Programming,6 weeks,edX,4.2,3150
Cybersecurity Intro,39.58,Programming,7 weeks,LinkedIn Learning,3.6,3246
Photography 101,40.92,Communication,6 weeks,LinkedIn Learning,3.2,2362
Creative Writing,76.37,Design,5 weeks,LinkedIn Learning,1.3,1942
AI for Everyone,54.4,Finance,5 weeks,Udemy,2.6,2731
Creative Writing,86.14,Technology,3 weeks,Coursera,2.5,374
Agile Project Mgmt,29.34,Finance,10 weeks,LinkedIn Learning,2.0,4926
ML Basics,90.0,Management,6 weeks,Skillshare,3.9,2400
Photography 101,92.48,Writing,12 weeks,Udacity,3.0,956
Agile Project Mgmt,53.29,IT Security,6 weeks,Pluralsight,1.3,1387
Digital Marketing Pro,81.91,Data Science,4 weeks,LinkedIn Learning,1.9,1449
AI for Everyone,86.85,Photography,4 weeks,Skillshare,3.7,3190
Digital Marketing Pro,64.05,IT Security,6 weeks,LinkedIn Learning,1.3,4867
Digital Marketing Pro,22.77,Technology,6 weeks,Skillshare,4.4,350
Graphic Design Intro,62.97,Writing,8 weeks,Coursera,3.0,2999
Python for Beginners,90.57,Photography,6 weeks,edX,2.9,392
Excel Mastery,36.7,Technology,7 weeks,Coursera,3.4,1566
Excel Mastery,59.44,Data Science,12 weeks,Udemy,4.3,309
Cybersecurity Intro,94.08,Programming,3 weeks,Udacity,2.4,148
Cybersecurity Intro,71.05,Programming,6 weeks,Udemy,3.7,368
Finance 101,55.39,Marketing,12 weeks,Pluralsight,3.3,4941
Excel Mastery,98.85,Programming,5 weeks,LinkedIn Learning,2.1,1532
AI for Everyone,91.12,Management,6 weeks,Udemy,4.5,3466
Creative Writing,49.48,Photography,9 weeks,Udemy,4.2,1637
React Native Dev,51.23,Web Development,6 weeks,LinkedIn Learning,3.6,1313
AI for Everyone,86.78,Business,5 weeks,Pluralsight,4.4,1144
Public Speaking,37.44,Finance,6 weeks,Udacity,4.5,2196
Creative Writing,70.74,Data Science,4 weeks,edX,3.8,3180
Photography 101,82.11,IT Security,5 weeks,LinkedIn Learning,4.3,3845
React Native Dev,33.36,Mobile Development,8 weeks,Skillshare,3.8,2161
Digital Marketing Pro,42.21,Data Science,4 weeks,Udemy,3.7,1247
Creative Writing,80.85,Management,12 weeks,edX,3.5,3745
ML Basics,42.86,Marketing,7 weeks,Skillshare,4.0,2844
Cybersecurity Intro,47.7,Design,12 weeks,Pluralsight,1.6,4270
Startup Guide,77.75,Business,10 weeks,Coursera,4.5,1008
Graphic Design Intro,38.08,Marketing,9 weeks,Udemy,4.5,2577
Creative Writing,97.41,Artificial Intelligence,12 weeks,Pluralsight,1.1,1317
Advanced Data Science,75.01,Management,7 weeks,Skillshare,4.3,666
Advanced Data Science,58.58,Programming,8 weeks,Coursera,1.5,2670
AI for Everyone,21.15,Business,3 weeks,edX,2.3,2221
UI/UX Design,33.77,Web Development,12 weeks,edX,4.0,1919
Agile Project Mgmt,48.72,Programming,12 weeks,Coursera,1.6,3740
Startup Guide,58.96,Web Development,3 weeks,Skillshare,4.3,2056
Creative Writing,81.72,Photography,7 weeks,Coursera,4.3,3172
Finance 101,30.25,Design,5 weeks,Udacity,3.0,1150
ML Basics,84.61,Web Development,12 weeks,Pluralsight,1.0,276
ML Basics,86.96,Data Science,5 weeks,Pluralsight,2.1,1855
Blockchain Intro,81.7,Programming,7 weeks,LinkedIn Learning,3.5,1718
Excel Mastery,78.08,Design,6 weeks,Coursera,4.9,3640
React Native Dev,80.53,Data Science,3 weeks,Skillshare,3.5,3221
Cybersecurity Intro,31.08,Marketing,6 weeks,Udacity,2.0,2303
Graphic Design Intro,21.32,IT Security,9 weeks,edX,3.5,3742
ML Basics,34.96,Mobile Development,6 weeks,Pluralsight,3.2,3839
Swift Dev Essentials,78.81,Finance,7 weeks,Pluralsight,4.1,1520
Agile Project Mgmt,45.64,Artificial Intelligence,10 weeks,Coursera,1.4,485
Public Speaking,48.96,Programming,10 weeks,Skillshare,4.0,986
Advanced Data Science,81.68,Photography,8 weeks,Skillshare,3.2,1217
React Native Dev,30.74,Technology,7 weeks,LinkedIn Learning,4.9,1970
Startup Guide,20.1,Design,9 weeks,Skillshare,2.4,567
Business Strategy,47.4,Artificial Intelligence,7 weeks,Pluralsight,3.5,892
Photography 101,62.24,Finance,8 weeks,Udemy,4.7,2204
Swift Dev Essentials,29.96,Artificial Intelligence,8 weeks,LinkedIn Learning,1.4,4771
Digital Marketing Pro,56.61,Data Science,12 weeks,Skillshare,4.7,2677
AI for Everyone,66.35,Mobile Development,3 weeks,Udacity,3.8,4969
AI for Everyone,80.94,Marketing,7 weeks,Skillshare,1.3,4687
Photography 101,24.45,Management,9 weeks,edX,2.2,4800
Finance 101,60.25,Design,6 weeks,Udemy,3.8,1620
Python for Beginners,58.28,Artificial Intelligence,6 weeks,edX,1.3,3498
Creative Writing,56.42,Finance,5 weeks,Coursera,3.3,2464
Graphic Design Intro,66.27,Programming,7 weeks,Coursera,2.4,4504
Cybersecurity Intro,98.03,Management,12 weeks,LinkedIn Learning,3.5,1956
Photography 101,25.07,Design,5 weeks,Skillshare,1.2,4820
Web Dev Bootcamp,93.28,Management,5 weeks,Coursera,4.5,4809
Web Dev Bootcamp,50.22,Finance,6 weeks,Skillshare,4.9,2818
Advanced Data Science,27.57,Communication,10 weeks,Pluralsight,4.9,3835
AI for Everyone,41.39,Finance,7 weeks,LinkedIn Learning,4.0,3546
ML Basics,43.74,Finance,4 weeks,Udacity,1.5,3812
Web Dev Bootcamp,33.95,Management,8 weeks,Udemy,4.0,4187
React Native Dev,30.93,Marketing,9 weeks,LinkedIn Learning,1.1,4709
Excel Mastery,80.1,Web Development,5 weeks,Pluralsight,1.1,1980
Public Speaking,91.69,Web Development,9 weeks,Udemy,2.3,3832
Finance 101,60.27,Technology,6 weeks,Udacity,3.0,2829
UI/UX Design,85.35,IT Security,8 weeks,LinkedIn Learning,4.1,912
Agile Project Mgmt,88.0,Artificial Intelligence,7 weeks,edX,3.7,374
Graphic Design Intro,55.34,Design,12 weeks,Udemy,2.8,4268
Finance 101,85.19,Marketing,9 weeks,edX,2.1,3129
Business Strategy,70.92,Marketing,4 weeks,Udacity,5.0,2568
Finance 101,26.08,Management,12 weeks,Udacity,2.7,1873
Swift Dev Essentials,61.55,Design,6 weeks,Udacity,2.8,125
Excel Mastery,73.25,Web Development,3 weeks,Coursera,1.7,2394
Finance 101,49.63,Data Science,6 weeks,Skillshare,4.2,4986
Excel Mastery,27.85,Marketing,12 weeks,Udacity,3.8,3945
Swift Dev Essentials,76.29,Business,3 weeks,Coursera,1.9,4945
Creative Writing,20.1,Management,4 weeks,Udemy,1.3,2500
Swift Dev Essentials,88.35,Artificial Intelligence,6 weeks,Coursera,3.7,952
Photography 101,26.9,Programming,10 weeks,Coursera,3.6,1734
Business Strategy,83.97,Mobile Development,9 weeks,edX,2.1,2344
Graphic Design Intro,75.17,Design,3 weeks,Udacity,4.8,2777
UI/UX Design,61.96,Writing,8 weeks,Skillshare,1.6,1147
Advanced Data Science,55.06,Writing,12 weeks,LinkedIn Learning,2.7,2537
Public Speaking,58.55,Marketing,4 weeks,Udacity,4.8,4127
UI/UX Design,91.17,Writing,3 weeks,Udemy,2.7,3430
Finance 101,92.23,IT Security,12 weeks,Coursera,3.6,4788
Python for Beginners,46.27,Management,12 weeks,Skillshare,2.6,3916
Swift Dev Essentials,96.17,Finance,6 weeks,Udemy,2.1,3647
Cybersecurity Intro,23.45,Programming,7 weeks,Udacity,4.9,2963
Public Speaking,65.25,Design,5 weeks,Udacity,2.6,2377
Startup Guide,70.51,Business,8 weeks,edX,4.6,4231
Finance 101,31.58,Business,12 weeks,Pluralsight,1.9,286
Graphic Design Intro,57.64,Marketing,7 weeks,Coursera,1.9,2009
Photography 101,42.3,Design,6 weeks,Udacity,1.1,1237
Agile Project Mgmt,83.07,Mobile Development,5 weeks,Udemy,3.6,3762
ML Basics,83.84,Writing,5 weeks,edX,2.5,3745
AI for Everyone,56.15,Programming,4 weeks,Coursera,4.5,705
Swift Dev Essentials,71.11,Business,9 weeks,Udemy,2.9,1319
Excel Mastery,57.72,Mobile Development,5 weeks,Udacity,4.9,4162
Agile Project Mgmt,99.78,Writing,8 weeks,Udemy,1.7,3244
Photography 101,71.47,Communication,4 weeks,Coursera,4.5,4124
Business Strategy,30.11,Management,8 weeks,Udemy,4.1,2321
ML Basics,63.41,Design,3 weeks,edX,4.1,2851
Python for Beginners,46.28,Photography,5 weeks,Skillshare,4.4,4218
Cybersecurity Intro,66.12,Web Development,8 weeks,Pluralsight,4.0,3569
Finance 101,92.23,Marketing,8 weeks,edX,3.5,3408
Web Dev Bootcamp,35.4,Photography,10 weeks,Udemy,1.5,551
Finance 101,31.7,IT Security,10 weeks,Pluralsight,1.1,2704
Digital Marketing Pro,63.06,Finance,3 weeks,Udemy,4.7,4684
Business Strategy,34.25,Management,12 weeks,Udemy,3.5,1098
Graphic Design Intro,44.95,Communication,6 weeks,LinkedIn Learning,4.2,3373
Graphic Design Intro,47.22,Design,10 weeks,Udemy,2.9,34
Cybersecurity Intro,94.35,Mobile Development,9 weeks,edX,1.5,1582
UI/UX Design,78.17,Finance,10 weeks,Coursera,1.5,2968
Public Speaking,86.78,Data Science,4 weeks,Pluralsight,3.7,4246
Public Speaking,69.18,Management,12 weeks,Coursera,2.7,1777
Finance 101,55.1,Technology,5 weeks,edX,1.8,4753
Creative Writing,57.36,Programming,3 weeks,edX,3.0,2245
Cybersecurity Intro,69.83,Photography,3 weeks,LinkedIn Learning,1.3,210
UI/UX Design,41.41,Mobile Development,7 weeks,Coursera,3.3,3208
Creative Writing,41.55,IT Security,6 weeks,Coursera,2.1,266
React Native Dev,39.69,Artificial Intelligence,7 weeks,edX,4.2,3757
Public Speaking,90.72,Artificial Intelligence,4 weeks,edX,2.2,4652
Creative Writing,88.32,Communication,3 weeks,Pluralsight,2.8,2251
Excel Mastery,48.81,Marketing,12 weeks,Skillshare,1.0,3185
AI for Everyone,20.85,Writing,5 weeks,Coursera,1.3,3616
Business Strategy,80.7,Writing,3 weeks,LinkedIn Learning,2.6,3346
Finance 101,46.9,Management,6 weeks,Udacity,2.9,4907
Cybersecurity Intro,86.06,Web Development,4 weeks,Pluralsight,3.4,423
Agile Project Mgmt,28.35,Programming,3 weeks,Udacity,2.2,2024
Graphic Design Intro,99.01,Communication,6 weeks,edX,3.8,1391
Web Dev Bootcamp,94.38,Communication,9 weeks,Coursera,4.4,1108
Blockchain Intro,68.83,Business,10 weeks,Pluralsight,4.1,3436
Public Speaking,59.74,Technology,3 weeks,Skillshare,1.2,3665
Advanced Data Science,92.4,Photography,7 weeks,LinkedIn Learning,2.9,919
AI for Everyone,86.57,Data Science,7 weeks,LinkedIn Learning,1.4,197
Finance 101,38.88,Communication,12 weeks,LinkedIn Learning,2.0,4054
React Native Dev,82.02,Finance,4 weeks,Pluralsight,4.9,3766
Startup Guide,99.03,Writing,8 weeks,Udemy,1.6,2025
Startup Guide,74.32,Photography,3 weeks,Udacity,3.0,2102
Swift Dev Essentials,22.83,IT Security,12 weeks,Skillshare,3.5,3654
Blockchain Intro,82.91,Programming,8 weeks,Coursera,3.8,2140
UI/UX Design,54.1,Management,5 weeks,Skillshare,3.2,367
Advanced Data Science,42.43,Marketing,10 weeks,Coursera,1.0,2432
Business Strategy,95.98,Web Development,3 weeks,Skillshare,2.3,4267
Agile Project Mgmt,23.51,Technology,3 weeks,Coursera,3.1,4555
Public Speaking,61.86,Technology,3 weeks,Udemy,1.4,1507
Photography 101,74.61,Design,4 weeks,Udemy,2.4,2168
Creative Writing,64.79,Business,9 weeks,Coursera,1.1,2565
ML Basics,42.05,Management,10 weeks,Coursera,1.3,2352
Python for Beginners,69.98,Business,9 weeks,Coursera,2.6,2961
Public Speaking,89.39,Communication,5 weeks,Udacity,1.5,1248
Photography 101,71.86,Programming,9 weeks,edX,3.3,983
Cybersecurity Intro,30.1,Technology,9 weeks,Udemy,3.8,4737
ML Basics,20.52,Design,9 weeks,LinkedIn Learning,4.2,3975
ML Basics,73.48,Data Science,5 weeks,Udacity,1.8,1060
Startup Guide,81.48,IT Security,7 weeks,Skillshare,1.7,3711
UI/UX Design,75.37,Design,7 weeks,LinkedIn Learning,1.4,2790
Blockchain Intro,87.69,Business,12 weeks,Skillshare,3.5,1598
Web Dev Bootcamp,89.66,Web Development,6 weeks,Skillshare,3.8,3888
Creative Writing,37.64,Artificial Intelligence,10 weeks,edX,1.1,2378
Python for Beginners,66.71,Programming,9 weeks,Coursera,4.7,446
Digital Marketing Pro,55.38,Writing,3 weeks,edX,1.2,2838
Graphic Design Intro,92.75,Web Development,6 weeks,LinkedIn Learning,3.2,1566
React Native Dev,41.85,Web Development,6 weeks,Skillshare,3.8,3868
UI/UX Design,47.58,Finance,6 weeks,edX,4.5,1314
Advanced Data Science,47.83,Mobile Development,7 weeks,Udemy,3.9,2394
Creative Writing,54.23,Mobile Development,12 weeks,Udacity,4.2,192
Creative Writing,20.85,Data Science,5 weeks,Udacity,2.4,1599
Excel Mastery,62.6,Data Science,6 weeks,LinkedIn Learning,4.3,1597
React Native Dev,42.19,Communication,10 weeks,Skillshare,1.3,669
Startup Guide,93.42,Mobile Development,5 weeks,Coursera,4.6,169
Excel Mastery,84.92,Data Science,12 weeks,edX,3.2,3963
Web Dev Bootcamp,46.22,Programming,9 weeks,Udacity,4.3,1021
Startup Guide,60.13,Mobile Development,9 weeks,Coursera,2.8,62
Creative Writing,64.66,Design,5 weeks,LinkedIn Learning,3.6,2317
Blockchain Intro,38.84,Design,9 weeks,Pluralsight,3.1,1238
Public Speaking,99.05,Finance,4 weeks,Udemy,3.9,1045
Creative Writing,57.59,Technology,3 weeks,Udemy,1.3,3712
Graphic Design Intro,93.19,Marketing,3 weeks,Skillshare,1.2,4055
Photography 101,88.13,Communication,10 weeks,Coursera,2.0,4955
React Native Dev,97.01,Artificial Intelligence,7 weeks,Udemy,1.6,4459
ML Basics,38.66,Technology,4 weeks,Skillshare,4.5,1274
React Native Dev,99.05,Photography,5 weeks,Coursera,1.9,1894
AI for Everyone,57.95,IT Security,12 weeks,Coursera,4.9,1819
Blockchain Intro,76.01,Web Development,12 weeks,Udacity,2.3,3177
Advanced Data Science,33.41,IT Security,10 weeks,Udacity,1.7,3807
Python for Beginners,45.72,Finance,3 weeks,LinkedIn Learning,4.2,2351
Web Dev Bootcamp,45.28,IT Security,3 weeks,Udemy,3.6,3424
ML Basics,71.23,Data Science,3 weeks,Pluralsight,3.0,827
Photography 101,64.33,IT Security,4 weeks,Skillshare,3.2,2447
Excel Mastery,52.48,Programming,6 weeks,Skillshare,3.9,898
Digital Marketing Pro,48.6,Design,4 weeks,LinkedIn Learning,1.9,677
UI/UX Design,35.22,Finance,4 weeks,Udacity,5.0,4738
UI/UX Design,85.5,Photography,6 weeks,Pluralsight,4.9,2634
Business Strategy,83.85,Programming,6 weeks,Pluralsight,3.6,4242
UI/UX Design,60.14,Writing,9 weeks,Udacity,1.8,4533
Python for Beginners,85.52,Finance,10 weeks,Skillshare,3.7,828
Python for Beginners,39.59,Communication,12 weeks,Coursera,1.3,2198
Excel Mastery,75.96,Management,7 weeks,edX,1.1,1116
Startup Guide,80.84,Writing,4 weeks,Coursera,2.0,2234
Blockchain Intro,32.93,Finance,3 weeks,Udemy,2.9,207
Python for Beginners,91.02,Finance,12 weeks,Coursera,4.5,2681
Business Strategy,50.07,Business,4 weeks,Pluralsight,3.9,3502
Digital Marketing Pro,68.97,Artificial Intelligence,6 weeks,Udacity,4.0,2458
Finance 101,89.13,Mobile Development,5 weeks,Udemy,2.7,480
Startup Guide,97.64,Finance,12 weeks,Udacity,2.4,1958
UI/UX Design,43.13,Programming,3 weeks,Udacity,2.5,3909
Photography 101,22.8,Programming,7 weeks,Coursera,5.0,2020
React Native Dev,81.35,Design,4 weeks,Udacity,1.2,3810
Swift Dev Essentials,56.86,Web Development,5 weeks,Coursera,4.5,4128
React Native Dev,70.99,IT Security,5 weeks,LinkedIn Learning,3.3,3806
Graphic Design Intro,97.6,Technology,7 weeks,Pluralsight,2.8,3998
UI/UX Design,32.83,IT Security,12 weeks,Pluralsight,3.9,244
React Native Dev,70.66,Marketing,7 weeks,Skillshare,2.9,938
Blockchain Intro,85.26,IT Security,9 weeks,LinkedIn Learning,4.5,3617
Photography 101,68.88,Web Development,7 weeks,LinkedIn Learning,4.6,532
Creative Writing,25.76,Writing,3 weeks,Coursera,2.7,3533
Swift Dev Essentials,84.72,Finance,7 weeks,Udacity,2.1,4536
Web Dev Bootcamp,81.63,Programming,9 weeks,Udacity,3.4,4898
Graphic Design Intro,48.06,Finance,7 weeks,Pluralsight,4.6,1639
Photography 101,73.25,Business,7 weeks,edX,1.8,4638
Web Dev Bootcamp,51.37,Management,6 weeks,Coursera,3.5,1326
Python for Beginners,23.19,Programming,5 weeks,edX,3.5,2867
UI/UX Design,97.55,Technology,10 weeks,Pluralsight,3.9,1134
UI/UX Design,93.11,Writing,7 weeks,Udacity,1.5,2597
Swift Dev Essentials,32.2,Business,4 weeks,Skillshare,3.9,1033
UI/UX Design,84.22,Writing,5 weeks,Pluralsight,4.6,1388
Swift Dev Essentials,62.49,Design,6 weeks,Coursera,1.7,3384
Excel Mastery,54.68,Finance,6 weeks,Skillshare,2.0,1529
Advanced Data Science,69.66,Design,9 weeks,Udacity,4.9,236
Business Strategy,23.36,Management,3 weeks,Coursera,1.7,4978
Digital Marketing Pro,69.95,Data Science,12 weeks,Udacity,4.4,901
Startup Guide,36.62,Technology,10 weeks,Coursera,3.0,4082
Agile Project Mgmt,34.5,Mobile Development,7 weeks,Udemy,2.0,2267
UI/UX Design,99.46,Finance,5 weeks,LinkedIn Learning,4.5,2798
ML Basics,93.01,Communication,10 weeks,edX,2.8,406
Swift Dev Essentials,96.48,Marketing,7 weeks,Coursera,3.1,2088
Advanced Data Science,30.57,Data Science,9 weeks,Udemy,2.4,4754
Swift Dev Essentials,23.94,Programming,5 weeks,Udemy,3.4,4434
Swift Dev Essentials,98.09,Programming,8 weeks,Udacity,1.7,3247
UI/UX Design,49.1,Photography,5 weeks,Udacity,2.6,3903
Agile Project Mgmt,76.64,Technology,10 weeks,Skillshare,4.9,2015
Agile Project Mgmt,35.21,IT Security,3 weeks,Skillshare,2.0,2026
Excel Mastery,42.72,Writing,6 weeks,Udemy,3.6,3181
Python for Beginners,83.28,Data Science,4 weeks,edX,2.3,2678
AI for Everyone,81.28,Programming,5 weeks,edX,4.1,1888
Swift Dev Essentials,97.59,Web Development,9 weeks,Udacity,1.5,1206
React Native Dev,76.84,Web Development,4 weeks,edX,4.9,1782
Cybersecurity Intro,38.08,Artificial Intelligence,6 weeks,Udacity,2.8,171
Startup Guide,75.16,Finance,12 weeks,Skillshare,1.9,3986
Graphic Design Intro,69.41,Design,6 weeks,LinkedIn Learning,1.3,1761
Finance 101,93.37,Technology,7 weeks,Coursera,1.7,785
Excel Mastery,72.97,Programming,10 weeks,Udacity,3.1,949
Agile Project Mgmt,38.69,Programming,3 weeks,Pluralsight,2.3,3230
Excel Mastery,55.79,Finance,4 weeks,Udacity,4.3,549
Business Strategy,24.97,IT Security,6 weeks,edX,2.7,4927
Photography 101,82.42,Design,5 weeks,LinkedIn Learning,2.0,1471
Python for Beginners,20.66,Artificial Intelligence,4 weeks,Udacity,3.5,365
ML Basics,20.66,Web Development,8 weeks,Pluralsight,3.8,3614
AI for Everyone,34.69,Artificial Intelligence,5 weeks,Udemy,1.7,3333
Digital Marketing Pro,27.05,Marketing,9 weeks,edX,1.7,244
React Native Dev,21.81,IT Security,8 weeks,Coursera,1.1,1558
Advanced Data Science,91.32,Technology,9 weeks,Skillshare,3.9,2106
AI for Everyone,38.91,Artificial Intelligence,8 weeks,Udemy,3.7,4223
Blockchain Intro,46.24,Marketing,9 weeks,Udemy,2.9,2111
Graphic Design Intro,50.04,Communication,5 weeks,edX,4.4,1683
Web Dev Bootcamp,50.17,Artificial Intelligence,6 weeks,Pluralsight,4.2,2110
Agile Project Mgmt,87.39,Marketing,8 weeks,LinkedIn Learning,3.3,3667
Digital Marketing Pro,84.17,Web Development,7 weeks,Pluralsight,4.5,4663
Excel Mastery,74.61,Artificial Intelligence,5 weeks,Udacity,1.8,3606
Swift Dev Essentials,57.87,Programming,9 weeks,Udemy,1.4,3758
ML Basics,71.72,Artificial Intelligence,3 weeks,Pluralsight,2.1,3183
Startup Guide,50.86,Design,9 weeks,Udacity,1.2,1825
Business Strategy,42.29,Business,9 weeks,Skillshare,3.1,3851
Python for Beginners,87.37,Artificial Intelligence,9 weeks,edX,4.7,2015
Advanced Data Science,79.55,Design,3 weeks,Skillshare,1.2,4503
Swift Dev Essentials,67.17,Marketing,3 weeks,Udemy,1.5,684
React Native Dev,57.29,Finance,8 weeks,Coursera,2.8,396
Agile Project Mgmt,67.5,Writing,12 weeks,Coursera,4.7,2168
UI/UX Design,63.44,Communication,4 weeks,Pluralsight,2.3,2671
UI/UX Design,42.48,Mobile Development,9 weeks,Udacity,3.0,2074
Startup Guide,78.25,Photography,10 weeks,edX,1.2,3861
Photography 101,31.72,Marketing,12 weeks,Udacity,1.6,3263
Photography 101,42.71,Technology,7 weeks,LinkedIn Learning,4.9,4989
Web Dev Bootcamp,62.54,Photography,10 weeks,Pluralsight,4.9,4646
Public Speaking,23.19,Data Science,4 weeks,Udemy,1.0,4276
Business Strategy,81.67,Data Science,4 weeks,Coursera,4.8,749
Public Speaking,51.96,Management,10 weeks,Coursera,3.6,1411
Creative Writing,34.93,Technology,9 weeks,Coursera,4.5,3269
Web Dev Bootcamp,28.5,Business,3 weeks,Coursera,2.8,2287
UI/UX Design,44.4,Technology,9 weeks,Udacity,3.1,3914
Cybersecurity Intro,67.52,Data Science,4 weeks,Udemy,3.0,3933
Photography 101,42.25,IT Security,10 weeks,Skillshare,3.7,4224
Photography 101,89.23,IT Security,5 weeks,Pluralsight,1.6,3237
Advanced Data Science,77.03,Mobile Development,6 weeks,Udemy,1.1,2841
Excel Mastery,47.97,Finance,3 weeks,Pluralsight,2.2,3768
Photography 101,28.99,Web Development,6 weeks,Skillshare,3.8,2522
Swift Dev Essentials,27.38,Finance,4 weeks,Skillshare,1.8,2161
Creative Writing,75.58,Data Science,9 weeks,Coursera,3.7,3685
Business Strategy,74.76,Marketing,6 weeks,Udacity,4.9,2755
Photography 101,69.56,Design,7 weeks,Pluralsight,1.4,3876
Python for Beginners,36.76,IT Security,8 weeks,Udemy,3.7,3774
Digital Marketing Pro,86.83,Management,12 weeks,Udacity,2.8,2232
React Native Dev,90.1,Marketing,8 weeks,Udacity,4.5,2802
Public Speaking,88.45,Data Science,7 weeks,Skillshare,1.7,1707
Excel Mastery,46.26,IT Security,3 weeks,LinkedIn Learning,3.8,3472
Graphic Design Intro,31.21,Management,12 weeks,Skillshare,4.4,4073
Photography 101,71.51,Artificial Intelligence,9 weeks,Skillshare,4.8,1534
Finance 101,80.55,Marketing,5 weeks,Udemy,3.7,4770
Web Dev Bootcamp,30.64,Data Science,6 weeks,Udemy,3.0,42
Agile Project Mgmt,31.64,Programming,5 weeks,Pluralsight,3.5,4035
ML Basics,34.69,Technology,9 weeks,edX,4.5,2576
Cybersecurity Intro,35.99,Communication,4 weeks,Pluralsight,3.3,2813
AI for Everyone,90.59,Design,5 weeks,Coursera,1.1,3906
Finance 101,36.01,Writing,4 weeks,Udacity,4.7,3719
Cybersecurity Intro,60.68,IT Security,6 weeks,Coursera,3.8,729
Python for Beginners,70.77,Mobile Development,5 weeks,Skillshare,3.7,4589
ML Basics,24.55,Business,8 weeks,Udemy,1.9,982
AI for Everyone,42.02,Management,6 weeks,Udacity,3.6,3728
Python for Beginners,29.65,Design,10 weeks,Udacity,2.6,4412
Web Dev Bootcamp,90.37,IT Security,7 weeks,Udacity,3.6,4562
Finance 101,24.24,Communication,9 weeks,Pluralsight,1.4,2217
Digital Marketing Pro,68.56,Photography,9 weeks,Skillshare,3.6,4436
React Native Dev,90.37,Design,10 weeks,LinkedIn Learning,5.0,4330
Graphic Design Intro,25.61,Writing,10 weeks,Udemy,1.2,3040
Agile Project Mgmt,57.19,Data Science,9 weeks,Udemy,4.9,3585
Cybersecurity Intro,71.47,Data Science,4 weeks,Udemy,2.6,3126
UI/UX Design,51.59,Mobile Development,8 weeks,LinkedIn Learning,4.5,3295
UI/UX Design,88.34,Programming,9 weeks,Skillshare,4.1,653
Excel Mastery,46.11,Finance,7 weeks,edX,3.3,4721
Creative Writing,77.08,Writing,7 weeks,LinkedIn Learning,4.0,204
React Native Dev,53.56,Artificial Intelligence,7 weeks,Udacity,4.5,4006
ML Basics,72.06,Marketing,9 weeks,LinkedIn Learning,2.6,498
Python for Beginners,61.85,Technology,12 weeks,Coursera,2.3,2214
Python for Beginners,89.16,Finance,8 weeks,Udemy,3.7,2667
Photography 101,99.08,Design,4 weeks,Pluralsight,4.2,3286
Photography 101,54.0,Finance,8 weeks,edX,4.0,1112
Swift Dev Essentials,86.06,Mobile Development,5 weeks,Udacity,4.2,1251
Excel Mastery,67.96,Technology,4 weeks,Coursera,2.7,525
Digital Marketing Pro,43.47,Programming,9 weeks,edX,4.3,402
Advanced Data Science,41.39,Photography,7 weeks,Skillshare,1.5,640
Advanced Data Science,36.17,Marketing,8 weeks,Skillshare,3.2,3726
Cybersecurity Intro,97.96,IT Security,9 weeks,edX,1.0,1857
Agile Project Mgmt,62.13,Design,4 weeks,Coursera,2.3,2665
Web Dev Bootcamp,74.76,IT Security,10 weeks,LinkedIn Learning,2.5,989
Graphic Design Intro,71.46,Programming,9 weeks,edX,2.6,4539
Python for Beginners,90.81,Photography,5 weeks,Pluralsight,3.8,3412
ML Basics,29.01,Writing,4 weeks,Udemy,2.6,3881
ML Basics,66.17,Programming,6 weeks,Pluralsight,2.8,287
Agile Project Mgmt,25.49,Business,9 weeks,Coursera,2.0,242
Business Strategy,84.16,Design,7 weeks,edX,2.5,1562
Blockchain Intro,60.02,Business,9 weeks,LinkedIn Learning,1.9,3280
Business Strategy,41.32,Technology,7 weeks,Coursera,1.3,2419
Agile Project Mgmt,27.25,Web Development,10 weeks,Skillshare,3.4,3522
Public Speaking,46.45,Finance,8 weeks,Udemy,3.7,35
Swift Dev Essentials,66.86,Marketing,12 weeks,LinkedIn Learning,3.5,470
UI/UX Design,57.6,Finance,6 weeks,LinkedIn Learning,2.9,3774
Digital Marketing Pro,37.34,Business,3 weeks,Coursera,2.5,3441
ML Basics,77.46,Writing,10 weeks,LinkedIn Learning,4.5,3493
